insert into DONVIVANCHUYEN (MADONVI, TENDONVI, KHOILUONGTOITHIEU, KHOILUONGTOIDA, GIATHANHMOTDONVI) values ('1I GY8 86S', 'M5GG8SSJXG8B V2BER7U', 17, 19, 15)
go


insert into DONVIVANCHUYEN (MADONVI, TENDONVI, KHOILUONGTOITHIEU, KHOILUONGTOIDA, GIATHANHMOTDONVI) values ('QIGM42A5VT', 'L3EGSDKF12MRW6T3EGF0', 0, 9, 0)
go


insert into DONVIVANCHUYEN (MADONVI, TENDONVI, KHOILUONGTOITHIEU, KHOILUONGTOIDA, GIATHANHMOTDONVI) values ('URDNO4ATXJ', 'TW2RMAILRFY9JG8HJE6 ', 1, 16, 3)
go


insert into DONVIVANCHUYEN (MADONVI, TENDONVI, KHOILUONGTOITHIEU, KHOILUONGTOIDA, GIATHANHMOTDONVI) values ('70NX50K84Y', 'O441SPN9WJM4OBA37SVF', 16, 15, 7)
go


insert into DONVIVANCHUYEN (MADONVI, TENDONVI, KHOILUONGTOITHIEU, KHOILUONGTOIDA, GIATHANHMOTDONVI) values ('3OUNMUDILV', '92ERNPUNIQRYGX61X28K', 19, 14, 12)
go


insert into DONVIVANCHUYEN (MADONVI, TENDONVI, KHOILUONGTOITHIEU, KHOILUONGTOIDA, GIATHANHMOTDONVI) values ('VGDQL4CY0R', '51SXT230  PI6BXD7D2L', 15, 11, 19)
go


insert into DONVIVANCHUYEN (MADONVI, TENDONVI, KHOILUONGTOITHIEU, KHOILUONGTOIDA, GIATHANHMOTDONVI) values ('O 0DJWGFRD', '4J5VV2CM455D7W8OP03 ', 5, 4, 18)
go


insert into DONVIVANCHUYEN (MADONVI, TENDONVI, KHOILUONGTOITHIEU, KHOILUONGTOIDA, GIATHANHMOTDONVI) values ('2GG6A4K6 1', 'SFFST9EV5VQ7UFO556XU', 4, 7, 5)
go


insert into DONVIVANCHUYEN (MADONVI, TENDONVI, KHOILUONGTOITHIEU, KHOILUONGTOIDA, GIATHANHMOTDONVI) values ('4GTPR0Q5OV', 'ACFVV47WXKA87SEIQM1S', 11, 8, 2)
go


insert into DONVIVANCHUYEN (MADONVI, TENDONVI, KHOILUONGTOITHIEU, KHOILUONGTOIDA, GIATHANHMOTDONVI) values ('AJC6Q591H8', '2RIOFL2U6V94KLI IRVF', 3, 0, 14)
go


insert into DONVIVANCHUYEN (MADONVI, TENDONVI, KHOILUONGTOITHIEU, KHOILUONGTOIDA, GIATHANHMOTDONVI) values ('YO3 MHQ9NT', '9O3SEQU7LLHH5L0HOQEV', 9, 18, 9)
go


insert into DONVIVANCHUYEN (MADONVI, TENDONVI, KHOILUONGTOITHIEU, KHOILUONGTOIDA, GIATHANHMOTDONVI) values ('HA9 QRKESW', '5U4UEYW90GRQPGOAY8L7', 8, 17, 10)
go


insert into DONVIVANCHUYEN (MADONVI, TENDONVI, KHOILUONGTOITHIEU, KHOILUONGTOIDA, GIATHANHMOTDONVI) values ('C3QMWM6E0X', '6J8MKGEUMJR 2359IUK7', 10, 3, 4)
go


insert into DONVIVANCHUYEN (MADONVI, TENDONVI, KHOILUONGTOITHIEU, KHOILUONGTOIDA, GIATHANHMOTDONVI) values ('ODPNXNKVQN', 'L7L989PJVHSIFO2DSWXR', 18, 13, 13)
go


insert into DONVIVANCHUYEN (MADONVI, TENDONVI, KHOILUONGTOITHIEU, KHOILUONGTOIDA, GIATHANHMOTDONVI) values ('CITN2JH7F5', 'NV9MDM03S7XOJR030TT8', 13, 5, 6)
go


insert into DONVIVANCHUYEN (MADONVI, TENDONVI, KHOILUONGTOITHIEU, KHOILUONGTOIDA, GIATHANHMOTDONVI) values ('6DOVTPDDHV', 'CKRJGKEC KIOHCAICTSA', 7, 12, 16)
go


insert into DONVIVANCHUYEN (MADONVI, TENDONVI, KHOILUONGTOITHIEU, KHOILUONGTOIDA, GIATHANHMOTDONVI) values ('P5E0SBQBYK', 'IG 07ED6H3H7 XJE5VG8', 12, 6, 1)
go


insert into DONVIVANCHUYEN (MADONVI, TENDONVI, KHOILUONGTOITHIEU, KHOILUONGTOIDA, GIATHANHMOTDONVI) values ('Q4CMDB6BXU', 'A7 6OP1FX4G53K49KG3Q', 14, 1, 17)
go


insert into DONVIVANCHUYEN (MADONVI, TENDONVI, KHOILUONGTOITHIEU, KHOILUONGTOIDA, GIATHANHMOTDONVI) values ('51PCOH0S  ', '8IL53 2KHTTIKO62V50X', 6, 10, 8)
go


insert into DONVIVANCHUYEN (MADONVI, TENDONVI, KHOILUONGTOITHIEU, KHOILUONGTOIDA, GIATHANHMOTDONVI) values ('66TGXL381M', 'Q Y74 4B97D813EHK66O', 2, 2, 11)
go


insert into LOAIDIACHI (MALOAI, MADC, LOAIDIACHI) values ('CUHL1GAJ0T', 'YNXCL6CREC', '17C VMYWOL')
go


insert into LOAIDIACHI (MALOAI, MADC, LOAIDIACHI) values ('99B79SL C5', 'YNXCL6CREC', 'JFE9S4O3WT')
go


insert into LOAIDIACHI (MALOAI, MADC, LOAIDIACHI) values (' LIX8V6B0J', 'YNXCL6CREC', '90E4AW5TQO')
go


insert into LOAIDIACHI (MALOAI, MADC, LOAIDIACHI) values ('OK7AB U9TS', 'YNXCL6CREC', '0NATR5NAMP')
go


insert into LOAIDIACHI (MALOAI, MADC, LOAIDIACHI) values ('KI4NBAUP9G', 'YNXCL6CREC', 'F720JL4CUN')
go


insert into LOAIDIACHI (MALOAI, MADC, LOAIDIACHI) values ('168 N754H4', 'YNXCL6CREC', '4B0I2YWVIL')
go


insert into LOAIDIACHI (MALOAI, MADC, LOAIDIACHI) values ('ITSRF1F15X', 'YNXCL6CREC', 'UDSH9690AJ')
go


insert into LOAIDIACHI (MALOAI, MADC, LOAIDIACHI) values ('TDUVH3GVCP', 'YNXCL6CREC', 'SUQ135BYWJ')
go


insert into LOAIDIACHI (MALOAI, MADC, LOAIDIACHI) values ('A6SNADJ6E9', 'YNXCL6CREC', 'TPF6BT65L2')
go


insert into LOAIDIACHI (MALOAI, MADC, LOAIDIACHI) values ('B2N9DGD4YI', 'YNXCL6CREC', 'Y GL77JJUN')
go


insert into LOAIDIACHI (MALOAI, MADC, LOAIDIACHI) values ('0GKSNP86CB', 'YNXCL6CREC', 'RV60T4NQQK')
go


insert into LOAIDIACHI (MALOAI, MADC, LOAIDIACHI) values ('VN8YG7KRDE', 'YNXCL6CREC', 'KT7MS0H2FP')
go


insert into LOAIDIACHI (MALOAI, MADC, LOAIDIACHI) values ('GAR2TR15M3', 'YNXCL6CREC', 'NUK0TQ54H5')
go


insert into LOAIDIACHI (MALOAI, MADC, LOAIDIACHI) values ('JX6W7R AO8', 'YNXCL6CREC', 'W0H6939VRX')
go


insert into LOAIDIACHI (MALOAI, MADC, LOAIDIACHI) values ('92GRN2C767', 'YNXCL6CREC', 'L5CU562D30')
go


insert into LOAIDIACHI (MALOAI, MADC, LOAIDIACHI) values ('9STTBU597R', 'YNXCL6CREC', ' D MCWCR3B')
go


insert into LOAIDIACHI (MALOAI, MADC, LOAIDIACHI) values ('V13J2ATB H', 'YNXCL6CREC', '2BSA2YWPDR')
go


insert into LOAIDIACHI (MALOAI, MADC, LOAIDIACHI) values ('JB5I0JEE4V', 'YNXCL6CREC', 'D3WXT4H734')
go


insert into LOAIDIACHI (MALOAI, MADC, LOAIDIACHI) values ('RR9K7YXWFQ', 'YNXCL6CREC', 'STGQ9W67O5')
go


insert into LOAIDIACHI (MALOAI, MADC, LOAIDIACHI) values ('AC1K2EOPCT', 'YNXCL6CREC', 'ROYDS096DB')
go


insert into TAIKHOAN (MATAIKHOAN, SHO_MATAIKHOAN, MASHOP, TENDANGNHAP, MATKHAU, HOSO, TENKHACHHANG, EMAIL, NGAYSINH) values ('4CEOLLCC4J', '4CEOLLCC4J', 'AWKIKT9H43', 'JHQV5I9YATD3YSAINOB685O0GNTPS91GTLPTHWA93PGQO9VH12', 'R24HU TV54QOAUE54NWBDLA47O1YMTRW6STOQ 11011DGCN62N', 'RATMKW28HXXQ3GEIPDYM4Q4TMUIYQ1OAR 9GMVO2F01KWOE6N7', '95P GAJ2EK0Y81FMCO13', 'CNWD3NAUWAR835PWYOY3', '84-9-28 0:43:44')
go


insert into TAIKHOAN (MATAIKHOAN, SHO_MATAIKHOAN, MASHOP, TENDANGNHAP, MATKHAU, HOSO, TENKHACHHANG, EMAIL, NGAYSINH) values ('PD CGKAO4H', '4CEOLLCC4J', 'AWKIKT9H43', 'NN1RX 7R6QFM0O2V19N KWTOQNSLO1UXD57804KGCX0RQNBEJY', 'JOWC D5AGNQU6U11HTMPRL T72W4PG5NM40TFYIFWJLC5JN70D', ' TWCME26WX74GGVPQBRCH 862H3QS6DR RO88W13RWEM H4KX6', '404UYHL6ED58S064T0BX', 'IU0CLEM8O0BDXFRWYID9', '949-5-8 10:55:45')
go


insert into TAIKHOAN (MATAIKHOAN, SHO_MATAIKHOAN, MASHOP, TENDANGNHAP, MATKHAU, HOSO, TENKHACHHANG, EMAIL, NGAYSINH) values ('XKUHOTK17D', 'PD CGKAO4H', 'AWKIKT9H43', 'GOMDBDEKIDCMYSBGL2S3T70EFBKHD22PX0MKA6O2CA 22SC8GV', '6J1OTEONB9TJWDF2TUA3TPOTY9 4S51M U5NT4PJJLI5EU0IH6', 'AOT9BE641VXKV6U 2VPEI1YLGJHTKOW40KQU4MVAJU118FP768', 'IXL9S5NPB4OFP5FRUBF5', 'EJ5P VUTGQR2OPHGA123', '1434-7-19 15:50:37')
go


insert into TAIKHOAN (MATAIKHOAN, SHO_MATAIKHOAN, MASHOP, TENDANGNHAP, MATKHAU, HOSO, TENKHACHHANG, EMAIL, NGAYSINH) values ('1TBCNWT2P3', 'PD CGKAO4H', 'AWKIKT9H43', 'L 07W7U0DRV9I3H56Q22TL579LPOC29FEAWBS9PULF65POOIJK', 'H768XBNGEWR62DQUPYUPDXC0J69I857IAS5DMIHP9DGXC55LK8', 'HNFFKW 93HB0 ID55C3OXX0O00JI3AOLW3SI0U3KL7GGRQ7XPY', 'DCO 37LWGEY0K6CS8F0S', 'K1P1J1E45 03E SSFAQT', '1626-6-29 18:25:52')
go


insert into TAIKHOAN (MATAIKHOAN, SHO_MATAIKHOAN, MASHOP, TENDANGNHAP, MATKHAU, HOSO, TENKHACHHANG, EMAIL, NGAYSINH) values ('F2BC1M06X2', 'XKUHOTK17D', 'AWKIKT9H43', 'DNHQHI1V 1GWBG7AMUOJ7S0X0KWDXJI9C91QGQDUWTWDR6P9P6', '9BGMK7 OKARA6E7MW0FHAOU48GW4Y7W9YHK24S8T0FY PD0I3E', 'S9E5DYNI 7O9OQYTMH MHPNC5S4F0VWMP2K92JF8P9JBYQIIYG', 'FR93BSVSUI86H5SWGQK6', 'JMJ MFTPIF53R6QTUQA4', '1-1-1 0:0:0')
go


insert into TAIKHOAN (MATAIKHOAN, SHO_MATAIKHOAN, MASHOP, TENDANGNHAP, MATKHAU, HOSO, TENKHACHHANG, EMAIL, NGAYSINH) values ('6I5UFEQ7BD', 'XKUHOTK17D', 'AWKIKT9H43', '059SRF8XEBXK4QCMU7YBQLBTWU5U0TYG9 TVGFUA5SGGXDVIYC', 'XO3KX5DX4W7GSMOV4 HEPV8UFGOWHJD5SCU92A23DLWS3LC00B', 'GKE8OWMP9DQAXWEM3M2QOIVD RO66LVEO6J8UL1TKFVXS IDTU', 'TPDVXS9FQK1CRSD3B AP', 'R KGRBVCDX5VIOFLBBE6', '694-9-22 7:29:53')
go


insert into TAIKHOAN (MATAIKHOAN, SHO_MATAIKHOAN, MASHOP, TENDANGNHAP, MATKHAU, HOSO, TENKHACHHANG, EMAIL, NGAYSINH) values ('O2AGN429IL', '1TBCNWT2P3', 'AWKIKT9H43', 'Q8DFJ9TEP3H7RQG4SLPGMR2BBY 47AG7VN51N55XVQ 4BPOMCP', 'UEUDQSKNB42YY F1FX8XLKAHFDJL GR6OWFQ5GBSNLXJ2YFC7M', 'VBGDS1J4O E4I855735QNMSPGYBSNOYOJDNGNR426JBR0RQ97N', 'XAIYP8EC1ADINYXN92KM', '8UC6JRP3SYACO4HFME3I', '1077-10-1 12:21:18')
go


insert into TAIKHOAN (MATAIKHOAN, SHO_MATAIKHOAN, MASHOP, TENDANGNHAP, MATKHAU, HOSO, TENKHACHHANG, EMAIL, NGAYSINH) values ('TN WX89M 1', '1TBCNWT2P3', 'AWKIKT9H43', 'KE0439OWXFE0ERNTHKJ0C9FPUPKS2EX0QLAR8VWDW2BEXXN88K', 'AMQ8H0SGO L99 XH K1E7MPGSA1F2LLDIXTDB703GBS 8UHLDI', 'BASJYE2W2SHTX0MFV3SWVC2LWVIQHIU5WYPVBYRSD8OYHV8GKA', '2AONNHI4ULJ4E39QRNJJ', 'HWWWWF53J9NTRQJR0RV9', '1731-9-12 19:8:11')
go


insert into TAIKHOAN (MATAIKHOAN, SHO_MATAIKHOAN, MASHOP, TENDANGNHAP, MATKHAU, HOSO, TENKHACHHANG, EMAIL, NGAYSINH) values ('GIKQRXO3BL', 'F2BC1M06X2', 'AWKIKT9H43', 'X4V4G40E80QBAKDSJSICPIK9KS7GTFUX6EB689X5V1U2GK53KW', 'GMIJKUQDO1GP04BPOP1S6C2CNH7JCMQJ2HAM9N00D H9 OIVQA', 'IP7YPBWIAQS 1870RVHV7XDX 5NH1SYM6DU1YAUBIBB 5YCEBO', 'BNRQJP0IGH3AV00YQ8PB', 'KCXNJQ4XD7MW81ROLKW ', '750-8-10 8:29:59')
go


insert into TAIKHOAN (MATAIKHOAN, SHO_MATAIKHOAN, MASHOP, TENDANGNHAP, MATKHAU, HOSO, TENKHACHHANG, EMAIL, NGAYSINH) values ('47M7YXD5B4', 'F2BC1M06X2', 'AWKIKT9H43', ' S2O6LL8E198A LE9 EJL9R9LCQCC21IP87EF4KFPBGJ3J5B8Y', 'I7E5WXU5EGGUGL UDJ TBP1QTIYT4LVNJFUBR2JOXOWG8XWVFO', 'AUK50D6FO747 E6 RT9H1MIXY 4R5RTAUQHL P N7J9TGLYJ9R', 'U0IMTH12558N3U37RA2G', 'UW1KMPAM2UKJOM6BTO0T', '274-8-8 3:39:50')
go


insert into TAIKHOAN (MATAIKHOAN, SHO_MATAIKHOAN, MASHOP, TENDANGNHAP, MATKHAU, HOSO, TENKHACHHANG, EMAIL, NGAYSINH) values ('UPD9AN3RT0', '6I5UFEQ7BD', 'AWKIKT9H43', 'UJHH N8OPDONBNTJOAN8GNFR4F9ON2XGQ0NWEW0J8CI7M1FIA7', 'U4F149XCI4G2KON6MMN G7M NJ0V17T219LRLV1C756RRQ2TYO', 'J9KEKW JFJCCNPLJ7VRRAL16N8WRXXVFBGBB GVE1JC3BQ7GHY', 'QO4PKT0CWKK60E5O05 X', 'QX9HXTMXRVGALH07OHL ', '1877-8-9 20:9:40')
go


insert into TAIKHOAN (MATAIKHOAN, SHO_MATAIKHOAN, MASHOP, TENDANGNHAP, MATKHAU, HOSO, TENKHACHHANG, EMAIL, NGAYSINH) values ('IW2W0H5YJY', '6I5UFEQ7BD', 'AWKIKT9H43', 'LS0XST93C0O4 SITN3OB8AH0LHV1RW34M0SW4S5YHHJQ33W0MY', 'WYSA2PU32X3TRDST8TXC4QNE59 HYB321JBVOWL1XQF68XBB1A', 'L1V0CY2FO6K FLM9XM5TEIHFCLA5OSLAILOIKURRVRFD25Y9UB', '44IRDY7LHLGELHJJBFTV', 'BA72WOJ0QKNUOWAOJCB8', '137-8-11 2:17:8')
go


insert into TAIKHOAN (MATAIKHOAN, SHO_MATAIKHOAN, MASHOP, TENDANGNHAP, MATKHAU, HOSO, TENKHACHHANG, EMAIL, NGAYSINH) values ('EF QUIYMIO', 'O2AGN429IL', 'AWKIKT9H43', '7V77VDDOUM0CI4MK2VRVDJAHFO GYT5W77AH3JOC2IFB7IYH T', '6T0DF6IA935DA8YCDBOA16D4R4YQY62CXU9S8SSQ6399UJU7QC', 'H NWTBD33M90DNE8KJC L0D31Q55FH9YDYXTNO8GBPHS4ASEIL', 'B76LVHEN40NPSNJVHBF2', 'RE3CUX3H0YYF815YBL3U', '551-3-15 6:18:10')
go


insert into TAIKHOAN (MATAIKHOAN, SHO_MATAIKHOAN, MASHOP, TENDANGNHAP, MATKHAU, HOSO, TENKHACHHANG, EMAIL, NGAYSINH) values ('2QD3KJRJDH', 'O2AGN429IL', 'AWKIKT9H43', '39SJWR8HEVXMGLOKW65SYGT 8B2QK8DBIYIT0IOB48FV7ADYFA', 'Y8C8J2HVIFYPKF7D86RDMMUFR02A22T6BPPTSOF26BO551PT1D', 'POWDVCYLETMC6VBMVM3EGAIV5VRR46H XEKGUGSEQHPNDWRQEU', 'I9Q6RUPX18HGG27XPP8U', '9MIOGLHBYES5C8N JSUY', '1288-12-24 14:47:59')
go


insert into TAIKHOAN (MATAIKHOAN, SHO_MATAIKHOAN, MASHOP, TENDANGNHAP, MATKHAU, HOSO, TENKHACHHANG, EMAIL, NGAYSINH) values ('6NBUMQ5WY4', 'TN WX89M 1', 'AWKIKT9H43', 'BK5F82SNCEXOXOGXYEUB7 0BBAMHUYCQ5FQ04DDLJ8123SE TF', 'Q138WFT7CMD2GDAFEHR91R2CILMWKYNVWRHUHVF60NQG4W4PPN', 'RSEQCJF7O5ICHXIQ 9HX7GFQDOFP8 P6WJ6PG MYSWY9JKBH57', 'K278 ECT1CP5KHCJAUIC', '17IY PT58MF97S7WMN7K', '828-4-7 9:40:39')
go


insert into TAIKHOAN (MATAIKHOAN, SHO_MATAIKHOAN, MASHOP, TENDANGNHAP, MATKHAU, HOSO, TENKHACHHANG, EMAIL, NGAYSINH) values ('GVOR  GWTD', 'TN WX89M 1', 'AWKIKT9H43', '573YVTPPH6FS4BH4SG76EAF5E329TX388JDBLD031R8E9QGLSC', 'E87E25U55VGXPU2ED0AWETJDGOQ5 IVOX7EVT 3P4YMCQ30TMF', 'UYU007S0NGBY8H5TQPIEGALS60Q GJI3PEF79QOQ52L6RQT2RX', 'J86X14SWJ5PF JCPBS5F', 'RF 1HPGDBBT7GFU0MJPJ', '1199-4-8 13:52:50')
go


insert into TAIKHOAN (MATAIKHOAN, SHO_MATAIKHOAN, MASHOP, TENDANGNHAP, MATKHAU, HOSO, TENKHACHHANG, EMAIL, NGAYSINH) values ('UJ 6WL5JFF', 'GIKQRXO3BL', 'AWKIKT9H43', 'UH8S282UVC9E0AV5WW3I L606CBLFUUOBVB2SOOT9W9 48F883', 'K28SDN1CTXOH9TUYNGRTR48AS7 2MNCW2EAAYCD5CEWX87XCFS', '8VTP44NA52A 35NSO59CC9V2M2A4M9O7DE QUIPIXQI2E029CQ', 'VNHQ38V3JSHP96204KNM', 'B3N74KB YTD2CJUAF9F3', '1025-8-30 11:44:9')
go


insert into TAIKHOAN (MATAIKHOAN, SHO_MATAIKHOAN, MASHOP, TENDANGNHAP, MATKHAU, HOSO, TENKHACHHANG, EMAIL, NGAYSINH) values ('BY2JNET6Q4', 'GIKQRXO3BL', 'AWKIKT9H43', 'BMKI63VVVG24KVLM408VAVUJG59VSFT1711B MUTIPES3RFM3E', '46C6H89WGWRJ E37N9T4J1W81S6X8GT XBCI39U91EC083FC99', 'D6LHHO4W4XWQS0PYF4U1FO7Q36JP2M8UAIPMFRPWWNH73H1AYQ', '8IUIERAQ7S4D70P6A0UE', 'NDMN7 3FVI9VGKEXC7GA', '1545-3-25 17:5:23')
go


insert into TAIKHOAN (MATAIKHOAN, SHO_MATAIKHOAN, MASHOP, TENDANGNHAP, MATKHAU, HOSO, TENKHACHHANG, EMAIL, NGAYSINH) values ('5WF1PB8XUI', '47M7YXD5B4', 'AWKIKT9H43', 'BCKCYEEAI5CRRFT YL MARWPLD3LEGSW6TPXPETO851O1P6N44', 'JMX1IDDOJX3HEIX6BQN VIAYAG3AHYQJMC9DVAUVS36VAAP9WA', 'Q6MH8P7U4OLC6AVUKDYT47GWRUFG86MNMRY96AFT8SCL0PESLT', '43ICKCCE0Q1OE7R307RC', 'L3BVUFE3QIY6RHXLIFXE', '415-9-16 4:25:19')
go


insert into TAIKHOAN (MATAIKHOAN, SHO_MATAIKHOAN, MASHOP, TENDANGNHAP, MATKHAU, HOSO, TENKHACHHANG, EMAIL, NGAYSINH) values ('IEY8ULI7DQ', '47M7YXD5B4', 'AWKIKT9H43', '5I9VOP8JR VDQ5C3EP01CI54C DXB1NUW1I0LU24V X9JMJ6X9', 'X888LOL8SF2MKXRRHF1R8AD8C35LLTOJ2WCG5CAKX4OE00J5SP', 'V3 YKX2AI4XJ5YD62CVCUYRL2V1RTHX76QG29QDASNVI0FHS4A', 'V3GAGBV972VWVB5YHT9M', 'M9M 07GPX715QGYXJFB9', '472-1-22 5:35:47')
go


insert into DIACHI (MADC, MATAIKHOAN, TENNGUOIO, SODIENTHOAI) values ('YNXCL6CREC', '4CEOLLCC4J', 'D T1POIUH604EPR740RV', 'HJW0ED9ALP7VV')
go


insert into DIACHI (MADC, MATAIKHOAN, TENNGUOIO, SODIENTHOAI) values ('X4SJA4ICXI', 'PD CGKAO4H', 'ERKXT DRUFPOEOJAHPHL', '52N3 VR6C4238')
go


insert into DIACHI (MADC, MATAIKHOAN, TENNGUOIO, SODIENTHOAI) values ('15JD4T8ERB', 'TN WX89M 1', '4QIG963IQCDS WUTPJH7', 'YK7G82A0LBAVI')
go


insert into DIACHI (MADC, MATAIKHOAN, TENNGUOIO, SODIENTHOAI) values ('QUAPD UJ8F', '6I5UFEQ7BD', '4 Q5SV18XJYCB0Q ANUF', 'B9 S2TJP 8GSV')
go


insert into DIACHI (MADC, MATAIKHOAN, TENNGUOIO, SODIENTHOAI) values ('ST8P8O58R4', 'UPD9AN3RT0', 'BK2MTXQ0V2NP0VYER4KD', 'FGF7IY0UMG0TN')
go


insert into DIACHI (MADC, MATAIKHOAN, TENNGUOIO, SODIENTHOAI) values ('0P3I5GBIU5', 'IW2W0H5YJY', '5WN2PUE60P8SE7ME6ROT', '9OC82R0 2 EGF')
go


insert into DIACHI (MADC, MATAIKHOAN, TENNGUOIO, SODIENTHOAI) values ('O8Q9N4TOT4', 'EF QUIYMIO', 'N4OANGP7IVEBI 8PIEAW', '7C29 1DJKOKW4')
go


insert into DIACHI (MADC, MATAIKHOAN, TENNGUOIO, SODIENTHOAI) values ('AWT7X5SCNY', 'EF QUIYMIO', 'SXQB246ME9 G29UB79OP', 'Y9E3FUO75KD0M')
go


insert into DIACHI (MADC, MATAIKHOAN, TENNGUOIO, SODIENTHOAI) values ('32CDAW8M U', 'GIKQRXO3BL', 'C2VM9PDAODH852I I1PR', '486V7Q3LATJGU')
go


insert into DIACHI (MADC, MATAIKHOAN, TENNGUOIO, SODIENTHOAI) values ('G1GN29RTMN', 'F2BC1M06X2', 'EXE 1SH32HKYBSWNH622', '9P6FS7HOXNNTN')
go


insert into DIACHI (MADC, MATAIKHOAN, TENNGUOIO, SODIENTHOAI) values ('1J3RXKEQVR', 'F2BC1M06X2', 'LWTY3D1LNF76CF6WCNWU', '7YORNBLSSMN 7')
go


insert into DIACHI (MADC, MATAIKHOAN, TENNGUOIO, SODIENTHOAI) values ('DJWCG41ER4', 'UPD9AN3RT0', 'UFNE9SIOHLUSEQ5PW9CA', 'E4JEHXVF7WH2A')
go


insert into DIACHI (MADC, MATAIKHOAN, TENNGUOIO, SODIENTHOAI) values ('LJ3AQTA9KB', '6NBUMQ5WY4', '8DM3RJ45KIJNHLQXRIO ', 'J9A36OJB6QFW3')
go


insert into DIACHI (MADC, MATAIKHOAN, TENNGUOIO, SODIENTHOAI) values ('HXRC1XPDAK', 'GVOR  GWTD', 'WDPJ0CD14AYOPK PCBI ', '107K3S7IXDUQ4')
go


insert into DIACHI (MADC, MATAIKHOAN, TENNGUOIO, SODIENTHOAI) values ('E5WKNRABD4', 'F2BC1M06X2', 'YMRK6M4U8 HMM29U6VEG', 'RYGUDJO8Y1682')
go


insert into DIACHI (MADC, MATAIKHOAN, TENNGUOIO, SODIENTHOAI) values ('OGVV8UWXX0', '6NBUMQ5WY4', 'L70QFGE36U75OX1HEBOT', '2OJT5MGVUENLN')
go


insert into DIACHI (MADC, MATAIKHOAN, TENNGUOIO, SODIENTHOAI) values ('4NKAU6JKUN', 'EF QUIYMIO', 'V YNUFMLD17AGV3VE2W7', ' UQHWLDQ7 8VU')
go


insert into DIACHI (MADC, MATAIKHOAN, TENNGUOIO, SODIENTHOAI) values ('SH4RPY L86', 'IW2W0H5YJY', 'KEKRL0T9YMR MU8 09F5', 'B2OU030LHERIP')
go


insert into DIACHI (MADC, MATAIKHOAN, TENNGUOIO, SODIENTHOAI) values ('07RFKONGXA', 'PD CGKAO4H', 'VASU4ACUI4OX4HJCE4NL', 'FDB0O6AWB9RH5')
go


insert into DIACHI (MADC, MATAIKHOAN, TENNGUOIO, SODIENTHOAI) values ('FHMDGBTQU3', 'UJ 6WL5JFF', 'UOBS6MFHUNU7QO5A9PHX', 'XY2UBTW0VO627')
go


insert into SHOP (MATAIKHOAN, MASHOP) values ('4CEOLLCC4J', 'AWKIKT9H43')
go


insert into SHOP (MATAIKHOAN, MASHOP) values ('PD CGKAO4H', 'H4YT14QFUE')
go


insert into SHOP (MATAIKHOAN, MASHOP) values ('XKUHOTK17D', 'OJKC8XDWJ2')
go


insert into SHOP (MATAIKHOAN, MASHOP) values ('1TBCNWT2P3', '1YY4RIYUHG')
go


insert into SHOP (MATAIKHOAN, MASHOP) values ('F2BC1M06X2', 'TY7VVMA7U6')
go


insert into SHOP (MATAIKHOAN, MASHOP) values ('6I5UFEQ7BD', ' 6YD37SFEY')
go


insert into SHOP (MATAIKHOAN, MASHOP) values ('O2AGN429IL', 'PIHGW L6T2')
go


insert into SHOP (MATAIKHOAN, MASHOP) values ('TN WX89M 1', '50WXO5O8TQ')
go


insert into SHOP (MATAIKHOAN, MASHOP) values ('GIKQRXO3BL', 'W7UYUKOGJ8')
go


insert into SHOP (MATAIKHOAN, MASHOP) values ('47M7YXD5B4', 'PKVYKWE QM')
go


insert into SHOP (MATAIKHOAN, MASHOP) values ('UPD9AN3RT0', '14LC8SROFN')
go


insert into SHOP (MATAIKHOAN, MASHOP) values ('IW2W0H5YJY', 'QLIWN9WUFX')
go


insert into SHOP (MATAIKHOAN, MASHOP) values ('EF QUIYMIO', '8G7D92OEG9')
go


insert into SHOP (MATAIKHOAN, MASHOP) values ('2QD3KJRJDH', 'YVSRSYC0B4')
go


insert into SHOP (MATAIKHOAN, MASHOP) values ('6NBUMQ5WY4', 'J2O157NMW1')
go


insert into SHOP (MATAIKHOAN, MASHOP) values ('GVOR  GWTD', '2VCWQ0ELPF')
go


insert into SHOP (MATAIKHOAN, MASHOP) values ('UJ 6WL5JFF', 'WP0VIY3UOP')
go


insert into SHOP (MATAIKHOAN, MASHOP) values ('BY2JNET6Q4', '8 KUVR T5E')
go


insert into SHOP (MATAIKHOAN, MASHOP) values ('5WF1PB8XUI', 'X6Q 4 9X0G')
go


insert into SHOP (MATAIKHOAN, MASHOP) values ('IEY8ULI7DQ', '6TARPGVSID')
go


insert into MATHANG (MAMATHANG, THO_MAMATHANG3, TENCUMPHANLOAI, MATAIKHOAN, MASHOP, THO_MAMATHANG, THO_MAMATHANG2, TENMATHANG, MOTASANPHAM) values ('C5YYVJBZPO', 'C5YYVJBZPO', 'L482JGHF8W', '47M7YXD5B4', 'W7UYUKOGJ8', 'C5YYVJBZPO', 'C5YYVJBZPO', 'L4K3R HGNLXTNY1576R2', 'HMDGQ35S6MMWV TLVT2C')
go


insert into MATHANG (MAMATHANG, THO_MAMATHANG3, TENCUMPHANLOAI, MATAIKHOAN, MASHOP, THO_MAMATHANG, THO_MAMATHANG2, TENMATHANG, MOTASANPHAM) values ('5AJB215APO', 'C5YYVJBZPO', 'L482JGHF8W', '2QD3KJRJDH', 'H4YT14QFUE', 'C5YYVJBZPO', 'C5YYVJBZPO', 'K3UWQ6XLM8IXNLIWRVEP', 'WI9RYIM FIT2TQXJDOCE')
go


insert into MATHANG (MAMATHANG, THO_MAMATHANG3, TENCUMPHANLOAI, MATAIKHOAN, MASHOP, THO_MAMATHANG, THO_MAMATHANG2, TENMATHANG, MOTASANPHAM) values ('4BYOK O9IU', '5AJB215APO', 'L482JGHF8W', '6NBUMQ5WY4', ' 6YD37SFEY', '5AJB215APO', '5AJB215APO', 'HWA7UXA8E3IRY M7KVN ', 'G1A9IQJN24HMLV Q1Y1N')
go


insert into MATHANG (MAMATHANG, THO_MAMATHANG3, TENCUMPHANLOAI, MATAIKHOAN, MASHOP, THO_MAMATHANG, THO_MAMATHANG2, TENMATHANG, MOTASANPHAM) values ('X63P2VPIA2', '5AJB215APO', 'L482JGHF8W', 'F2BC1M06X2', '50WXO5O8TQ', '5AJB215APO', '5AJB215APO', 'H99D3TE10A64FUNCF0GY', 'F5TMII5T32UNR67J89MV')
go


insert into MATHANG (MAMATHANG, THO_MAMATHANG3, TENCUMPHANLOAI, MATAIKHOAN, MASHOP, THO_MAMATHANG, THO_MAMATHANG2, TENMATHANG, MOTASANPHAM) values ('0H6 QLIBL6', '4BYOK O9IU', 'L482JGHF8W', 'IW2W0H5YJY', 'TY7VVMA7U6', '4BYOK O9IU', '4BYOK O9IU', 'PSU46N3ACW1DJ4CCORNQ', '5S4KOEQGH71ER36GDSR6')
go


insert into MATHANG (MAMATHANG, THO_MAMATHANG3, TENCUMPHANLOAI, MATAIKHOAN, MASHOP, THO_MAMATHANG, THO_MAMATHANG2, TENMATHANG, MOTASANPHAM) values ('L21LDK6TOP', '4BYOK O9IU', 'L482JGHF8W', 'PD CGKAO4H', ' 6YD37SFEY', '4BYOK O9IU', '4BYOK O9IU', '6BS3P1PIQGWE1MWUETB9', 'F UFXXXCQX3B20KJ1EPI')
go


insert into MATHANG (MAMATHANG, THO_MAMATHANG3, TENCUMPHANLOAI, MATAIKHOAN, MASHOP, THO_MAMATHANG, THO_MAMATHANG2, TENMATHANG, MOTASANPHAM) values ('L1TGATS5P8', 'X63P2VPIA2', 'L482JGHF8W', 'EF QUIYMIO', 'TY7VVMA7U6', 'X63P2VPIA2', 'X63P2VPIA2', ' Q032AP4K675XBCF QQ1', 'T3IT UIVN59LSEL020P6')
go


insert into MATHANG (MAMATHANG, THO_MAMATHANG3, TENCUMPHANLOAI, MATAIKHOAN, MASHOP, THO_MAMATHANG, THO_MAMATHANG2, TENMATHANG, MOTASANPHAM) values ('I5 B4R89 V', 'X63P2VPIA2', 'L482JGHF8W', 'EF QUIYMIO', 'OJKC8XDWJ2', 'X63P2VPIA2', 'X63P2VPIA2', 'YW57TPKORIHRUJ9H8EHN', 'HE6NAS22NHA2W5 GK9NT')
go


insert into MATHANG (MAMATHANG, THO_MAMATHANG3, TENCUMPHANLOAI, MATAIKHOAN, MASHOP, THO_MAMATHANG, THO_MAMATHANG2, TENMATHANG, MOTASANPHAM) values ('5R5UO1BQ7K', '0H6 QLIBL6', 'L482JGHF8W', '2QD3KJRJDH', '8 KUVR T5E', '0H6 QLIBL6', '0H6 QLIBL6', '2R7DKSN4 YO5BJ4VCAUV', 'Y P0HKKCUUEPYOAYMWLL')
go


insert into MATHANG (MAMATHANG, THO_MAMATHANG3, TENCUMPHANLOAI, MATAIKHOAN, MASHOP, THO_MAMATHANG, THO_MAMATHANG2, TENMATHANG, MOTASANPHAM) values ('N7PJKLKSDC', '0H6 QLIBL6', 'L482JGHF8W', 'BY2JNET6Q4', '2VCWQ0ELPF', '0H6 QLIBL6', '0H6 QLIBL6', ' EFFTUL4D 0SJJESL4T0', '7K0Q2QPXXEIMBGVGR2DT')
go


insert into MATHANG (MAMATHANG, THO_MAMATHANG3, TENCUMPHANLOAI, MATAIKHOAN, MASHOP, THO_MAMATHANG, THO_MAMATHANG2, TENMATHANG, MOTASANPHAM) values ('F4TYO4IC70', 'L21LDK6TOP', 'L482JGHF8W', 'TN WX89M 1', 'OJKC8XDWJ2', 'L21LDK6TOP', 'L21LDK6TOP', 'NFNFUJ7NWSWKEND5IPRF', '9NJJG VYAWNNFVJO  IY')
go


insert into MATHANG (MAMATHANG, THO_MAMATHANG3, TENCUMPHANLOAI, MATAIKHOAN, MASHOP, THO_MAMATHANG, THO_MAMATHANG2, TENMATHANG, MOTASANPHAM) values ('P7MUF23RPP', 'L21LDK6TOP', 'L482JGHF8W', 'GIKQRXO3BL', 'TY7VVMA7U6', 'L21LDK6TOP', 'L21LDK6TOP', 'RNLH0DBGPHX0BY2802I6', 'BO7A5I4YSPSDOHCC8UOT')
go


insert into MATHANG (MAMATHANG, THO_MAMATHANG3, TENCUMPHANLOAI, MATAIKHOAN, MASHOP, THO_MAMATHANG, THO_MAMATHANG2, TENMATHANG, MOTASANPHAM) values ('F1EG062B0S', 'L1TGATS5P8', 'L482JGHF8W', 'PD CGKAO4H', '2VCWQ0ELPF', 'L1TGATS5P8', 'L1TGATS5P8', 'W6S9ENRK0DT6MAR17DUU', 'X5JSXTRNSSY5YQ 8BWJL')
go


insert into MATHANG (MAMATHANG, THO_MAMATHANG3, TENCUMPHANLOAI, MATAIKHOAN, MASHOP, THO_MAMATHANG, THO_MAMATHANG2, TENMATHANG, MOTASANPHAM) values ('P2FY9ROLHE', 'L1TGATS5P8', 'L482JGHF8W', 'PD CGKAO4H', 'J2O157NMW1', 'L1TGATS5P8', 'L1TGATS5P8', 'VDRYOQONSBTI8YBWCJGA', 'KMPIY4MTF2IBLQ4L67MV')
go


insert into MATHANG (MAMATHANG, THO_MAMATHANG3, TENCUMPHANLOAI, MATAIKHOAN, MASHOP, THO_MAMATHANG, THO_MAMATHANG2, TENMATHANG, MOTASANPHAM) values ('RQ4AAW5U75', 'I5 B4R89 V', 'L482JGHF8W', 'UJ 6WL5JFF', 'OJKC8XDWJ2', 'I5 B4R89 V', 'I5 B4R89 V', 'PXSH 7TS7FLFUIA7UPUR', '1V69XKAI14UF3597A6YP')
go


insert into MATHANG (MAMATHANG, THO_MAMATHANG3, TENCUMPHANLOAI, MATAIKHOAN, MASHOP, THO_MAMATHANG, THO_MAMATHANG2, TENMATHANG, MOTASANPHAM) values ('MG3SH7I19U', 'I5 B4R89 V', 'L482JGHF8W', 'F2BC1M06X2', '50WXO5O8TQ', 'I5 B4R89 V', 'I5 B4R89 V', '5QXC8DTGHOIIF7DEQ07O', '4PCOQLXOL0C4LN118BOL')
go


insert into MATHANG (MAMATHANG, THO_MAMATHANG3, TENCUMPHANLOAI, MATAIKHOAN, MASHOP, THO_MAMATHANG, THO_MAMATHANG2, TENMATHANG, MOTASANPHAM) values ('1OCW3RXAV6', '5R5UO1BQ7K', 'L482JGHF8W', 'GIKQRXO3BL', 'H4YT14QFUE', '5R5UO1BQ7K', '5R5UO1BQ7K', 'K6UOF0LQCNNQX3VUNJG ', 'CLRIS 6L92PC85YIS BC')
go


insert into MATHANG (MAMATHANG, THO_MAMATHANG3, TENCUMPHANLOAI, MATAIKHOAN, MASHOP, THO_MAMATHANG, THO_MAMATHANG2, TENMATHANG, MOTASANPHAM) values ('WQWQTOT8OB', '5R5UO1BQ7K', 'L482JGHF8W', 'GIKQRXO3BL', '2VCWQ0ELPF', '5R5UO1BQ7K', '5R5UO1BQ7K', '2R4VBU 5NLH484H585 Y', '60  MB1 3HYD BO576OG')
go


insert into MATHANG (MAMATHANG, THO_MAMATHANG3, TENCUMPHANLOAI, MATAIKHOAN, MASHOP, THO_MAMATHANG, THO_MAMATHANG2, TENMATHANG, MOTASANPHAM) values ('WVCIT7187G', 'N7PJKLKSDC', 'L482JGHF8W', 'O2AGN429IL', 'AWKIKT9H43', 'N7PJKLKSDC', 'N7PJKLKSDC', '11RQUDVOL8WH5SLM29LV', '2W7TNC4154BOKXBKKTAY')
go


insert into MATHANG (MAMATHANG, THO_MAMATHANG3, TENCUMPHANLOAI, MATAIKHOAN, MASHOP, THO_MAMATHANG, THO_MAMATHANG2, TENMATHANG, MOTASANPHAM) values ('A1H5GHQU7U', 'N7PJKLKSDC', 'L482JGHF8W', 'GVOR  GWTD', 'WP0VIY3UOP', 'N7PJKLKSDC', 'N7PJKLKSDC', 'F3G4JF1FSJVU86IYJV94', 'OUJ6WGWBH7GI7WJV3WPY')
go


insert into THONGTINVANCHUYEN (MAMATHANG, KHOILUONGDONGGOI, CHIEUDAI, CHIEURONG, CHIEUCAO, GIAVANCHUYENDUKIEN) values ('C5YYVJBZPO', 2, 17, 19, 7, 18)
go


insert into THONGTINVANCHUYEN (MAMATHANG, KHOILUONGDONGGOI, CHIEUDAI, CHIEURONG, CHIEUCAO, GIAVANCHUYENDUKIEN) values ('5AJB215APO', 6, 0, 16, 16, 16)
go


insert into THONGTINVANCHUYEN (MAMATHANG, KHOILUONGDONGGOI, CHIEUDAI, CHIEURONG, CHIEUCAO, GIAVANCHUYENDUKIEN) values ('4BYOK O9IU', 13, 8, 5, 12, 11)
go


insert into THONGTINVANCHUYEN (MAMATHANG, KHOILUONGDONGGOI, CHIEUDAI, CHIEURONG, CHIEUCAO, GIAVANCHUYENDUKIEN) values ('X63P2VPIA2', 10, 9, 11, 5, 15)
go


insert into THONGTINVANCHUYEN (MAMATHANG, KHOILUONGDONGGOI, CHIEUDAI, CHIEURONG, CHIEUCAO, GIAVANCHUYENDUKIEN) values ('0H6 QLIBL6', 7, 5, 1, 11, 19)
go


insert into THONGTINVANCHUYEN (MAMATHANG, KHOILUONGDONGGOI, CHIEUDAI, CHIEURONG, CHIEUCAO, GIAVANCHUYENDUKIEN) values ('L21LDK6TOP', 1, 12, 4, 4, 3)
go


insert into THONGTINVANCHUYEN (MAMATHANG, KHOILUONGDONGGOI, CHIEUDAI, CHIEURONG, CHIEUCAO, GIAVANCHUYENDUKIEN) values ('L1TGATS5P8', 11, 15, 0, 6, 5)
go


insert into THONGTINVANCHUYEN (MAMATHANG, KHOILUONGDONGGOI, CHIEUDAI, CHIEURONG, CHIEUCAO, GIAVANCHUYENDUKIEN) values ('I5 B4R89 V', 5, 7, 10, 15, 13)
go


insert into THONGTINVANCHUYEN (MAMATHANG, KHOILUONGDONGGOI, CHIEUDAI, CHIEURONG, CHIEUCAO, GIAVANCHUYENDUKIEN) values ('5R5UO1BQ7K', 12, 10, 2, 19, 10)
go


insert into THONGTINVANCHUYEN (MAMATHANG, KHOILUONGDONGGOI, CHIEUDAI, CHIEURONG, CHIEUCAO, GIAVANCHUYENDUKIEN) values ('N7PJKLKSDC', 3, 4, 18, 18, 8)
go


insert into THONGTINVANCHUYEN (MAMATHANG, KHOILUONGDONGGOI, CHIEUDAI, CHIEURONG, CHIEUCAO, GIAVANCHUYENDUKIEN) values ('F4TYO4IC70', 4, 14, 8, 10, 1)
go


insert into THONGTINVANCHUYEN (MAMATHANG, KHOILUONGDONGGOI, CHIEUDAI, CHIEURONG, CHIEUCAO, GIAVANCHUYENDUKIEN) values ('P7MUF23RPP', 14, 11, 15, 9, 17)
go


insert into THONGTINVANCHUYEN (MAMATHANG, KHOILUONGDONGGOI, CHIEUDAI, CHIEURONG, CHIEUCAO, GIAVANCHUYENDUKIEN) values ('F1EG062B0S', 18, 19, 13, 0, 12)
go


insert into THONGTINVANCHUYEN (MAMATHANG, KHOILUONGDONGGOI, CHIEUDAI, CHIEURONG, CHIEUCAO, GIAVANCHUYENDUKIEN) values ('P2FY9ROLHE', 16, 3, 9, 14, 0)
go


insert into THONGTINVANCHUYEN (MAMATHANG, KHOILUONGDONGGOI, CHIEUDAI, CHIEURONG, CHIEUCAO, GIAVANCHUYENDUKIEN) values ('RQ4AAW5U75', 8, 13, 14, 3, 4)
go


insert into THONGTINVANCHUYEN (MAMATHANG, KHOILUONGDONGGOI, CHIEUDAI, CHIEURONG, CHIEUCAO, GIAVANCHUYENDUKIEN) values ('MG3SH7I19U', 0, 18, 7, 17, 14)
go


insert into THONGTINVANCHUYEN (MAMATHANG, KHOILUONGDONGGOI, CHIEUDAI, CHIEURONG, CHIEUCAO, GIAVANCHUYENDUKIEN) values ('1OCW3RXAV6', 17, 6, 12, 13, 6)
go


insert into THONGTINVANCHUYEN (MAMATHANG, KHOILUONGDONGGOI, CHIEUDAI, CHIEURONG, CHIEUCAO, GIAVANCHUYENDUKIEN) values ('WQWQTOT8OB', 19, 16, 6, 2, 7)
go


insert into THONGTINVANCHUYEN (MAMATHANG, KHOILUONGDONGGOI, CHIEUDAI, CHIEURONG, CHIEUCAO, GIAVANCHUYENDUKIEN) values ('WVCIT7187G', 9, 2, 3, 8, 2)
go


insert into THONGTINVANCHUYEN (MAMATHANG, KHOILUONGDONGGOI, CHIEUDAI, CHIEURONG, CHIEUCAO, GIAVANCHUYENDUKIEN) values ('A1H5GHQU7U', 15, 1, 17, 1, 9)
go


insert into THONGTINBANHANG (MAMATHANG, TENCUMPHANLOAI) values ('C5YYVJBZPO', 'L482JGHF8W')
go


insert into THONGTINBANHANG (MAMATHANG, TENCUMPHANLOAI) values ('5AJB215APO', '1NYW7 OFWA')
go


insert into THONGTINBANHANG (MAMATHANG, TENCUMPHANLOAI) values ('4BYOK O9IU', 'Y4I7OOXIJS')
go


insert into THONGTINBANHANG (MAMATHANG, TENCUMPHANLOAI) values ('X63P2VPIA2', 'IBLIN8JP15')
go


insert into THONGTINBANHANG (MAMATHANG, TENCUMPHANLOAI) values ('0H6 QLIBL6', '0SX01FTG1D')
go


insert into THONGTINBANHANG (MAMATHANG, TENCUMPHANLOAI) values ('L21LDK6TOP', 'I8JXC67H9P')
go


insert into THONGTINBANHANG (MAMATHANG, TENCUMPHANLOAI) values ('L1TGATS5P8', 'OHH0 4Y3KK')
go


insert into THONGTINBANHANG (MAMATHANG, TENCUMPHANLOAI) values ('I5 B4R89 V', 'IY0HOMO0T2')
go


insert into THONGTINBANHANG (MAMATHANG, TENCUMPHANLOAI) values ('5R5UO1BQ7K', 'TQ1WM3FE7M')
go


insert into THONGTINBANHANG (MAMATHANG, TENCUMPHANLOAI) values ('N7PJKLKSDC', 'MS62XVDKKH')
go


insert into THONGTINBANHANG (MAMATHANG, TENCUMPHANLOAI) values ('F4TYO4IC70', 'AD3HJGBSFE')
go


insert into THONGTINBANHANG (MAMATHANG, TENCUMPHANLOAI) values ('P7MUF23RPP', '4H8086S5JR')
go


insert into THONGTINBANHANG (MAMATHANG, TENCUMPHANLOAI) values ('F1EG062B0S', '4WVIY SBO7')
go


insert into THONGTINBANHANG (MAMATHANG, TENCUMPHANLOAI) values ('P2FY9ROLHE', 'NC8R5Y9VGQ')
go


insert into THONGTINBANHANG (MAMATHANG, TENCUMPHANLOAI) values ('RQ4AAW5U75', 'MQPVYHK0JT')
go


insert into THONGTINBANHANG (MAMATHANG, TENCUMPHANLOAI) values ('MG3SH7I19U', 'MPUWFPU 3B')
go


insert into THONGTINBANHANG (MAMATHANG, TENCUMPHANLOAI) values ('1OCW3RXAV6', '97YLUN62AQ')
go


insert into THONGTINBANHANG (MAMATHANG, TENCUMPHANLOAI) values ('WQWQTOT8OB', 'FTMBR0175C')
go


insert into THONGTINBANHANG (MAMATHANG, TENCUMPHANLOAI) values ('WVCIT7187G', 'A5P8P I7N0')
go


insert into THONGTINBANHANG (MAMATHANG, TENCUMPHANLOAI) values ('A1H5GHQU7U', '6CXIX6G8U3')
go


insert into THONGTINKHAC (MAMATHANG, DATHANGTRUOC, TINHTRANG, SONGAYCANCHUANBI) values ('C5YYVJBZPO', 15, 'QKX5OQJWWUQPH58DO9AH7QKMKEKQTI2CXFJNVRLLBXH182AG49', 6)
go


insert into THONGTINKHAC (MAMATHANG, DATHANGTRUOC, TINHTRANG, SONGAYCANCHUANBI) values ('5AJB215APO', 16, '2YXKT03I4W56D8DCVJ87E40  63SRXHDXWAPPNCHF1S57A N2P', 14)
go


insert into THONGTINKHAC (MAMATHANG, DATHANGTRUOC, TINHTRANG, SONGAYCANCHUANBI) values ('4BYOK O9IU', 12, 'DPBNO6VHFDP EVB8QY6Y5UY L4OG6JV3O4UWEII8J68CYSBUOB', 1)
go


insert into THONGTINKHAC (MAMATHANG, DATHANGTRUOC, TINHTRANG, SONGAYCANCHUANBI) values ('X63P2VPIA2', 10, 'DWU1UK9428NXPNIPN4ORURMUP9M0PSF5G135XMHDPONJOE5WK4', 0)
go


insert into THONGTINKHAC (MAMATHANG, DATHANGTRUOC, TINHTRANG, SONGAYCANCHUANBI) values ('0H6 QLIBL6', 6, 'EFGITBMIA3V163WF15M2UI8AQWICRHL7VVOT5QMG7GWM207L6Q', 19)
go


insert into THONGTINKHAC (MAMATHANG, DATHANGTRUOC, TINHTRANG, SONGAYCANCHUANBI) values ('L21LDK6TOP', 19, '1TSBC7W9LJEHT6T5F6HNHX4AIN434OFEYUOYW0IP0417KHD7B2', 7)
go


insert into THONGTINKHAC (MAMATHANG, DATHANGTRUOC, TINHTRANG, SONGAYCANCHUANBI) values ('L1TGATS5P8', 1, 'OS6B2I389TIC3GS4TSYVD3G5K9A 1OJYH7TIMVNHCVDPXWMODK', 10)
go


insert into THONGTINKHAC (MAMATHANG, DATHANGTRUOC, TINHTRANG, SONGAYCANCHUANBI) values ('I5 B4R89 V', 7, 'OHQ0AUSJJ3S12DJ8O0MXXL2CXJ3M5KG7F06XICD75UWGEXCH5Q', 13)
go


insert into THONGTINKHAC (MAMATHANG, DATHANGTRUOC, TINHTRANG, SONGAYCANCHUANBI) values ('5R5UO1BQ7K', 17, 'TQDWQAWDUSKH0HT3BOK9M4SK6G682XYTKAAXMWH14ICIF6O1VT', 18)
go


insert into THONGTINKHAC (MAMATHANG, DATHANGTRUOC, TINHTRANG, SONGAYCANCHUANBI) values ('N7PJKLKSDC', 5, 'QG9NANQUCVP5QETH7ADAUA NHHBX7HG25CC97JS2CYTHN9HNBP', 12)
go


insert into THONGTINKHAC (MAMATHANG, DATHANGTRUOC, TINHTRANG, SONGAYCANCHUANBI) values ('F4TYO4IC70', 3, '5607BOWPW6BU84U5ICN3YEJTLI71YXGV1J8HHSAJDM6 SJI2AJ', 11)
go


insert into THONGTINKHAC (MAMATHANG, DATHANGTRUOC, TINHTRANG, SONGAYCANCHUANBI) values ('P7MUF23RPP', 11, 'VR9YVV824U085K0PT79 VCUA1B4MGE4RDF7NXHPB7DV9IJY9B4', 2)
go


insert into THONGTINKHAC (MAMATHANG, DATHANGTRUOC, TINHTRANG, SONGAYCANCHUANBI) values ('F1EG062B0S', 0, 'S0NK9EBTKFNGCAQLN3040NIV2IENP1DGMF7NKJMYXURJ7KO8UQ', 15)
go


insert into THONGTINKHAC (MAMATHANG, DATHANGTRUOC, TINHTRANG, SONGAYCANCHUANBI) values ('P2FY9ROLHE', 2, '17YR73M88QW7VYRJS2JKPQGK10VD5UGTLABMLAXG6O85RWLIBC', 4)
go


insert into THONGTINKHAC (MAMATHANG, DATHANGTRUOC, TINHTRANG, SONGAYCANCHUANBI) values ('RQ4AAW5U75', 4, 'WJGQPYHBET6JLBWURI5AT1YD5L65V7C19WX1PAOTQ70UR1WHVX', 8)
go


insert into THONGTINKHAC (MAMATHANG, DATHANGTRUOC, TINHTRANG, SONGAYCANCHUANBI) values ('MG3SH7I19U', 18, 'JGHJ2R3JG0SA4P6AC8VIW1T60XSJ3R3QINJDKUE70EY8IY0P2G', 16)
go


insert into THONGTINKHAC (MAMATHANG, DATHANGTRUOC, TINHTRANG, SONGAYCANCHUANBI) values ('1OCW3RXAV6', 8, '1F2EDNPE16QBU0192P7LA6HPEA1E5EMEFLQH3RTH62NSD589FG', 9)
go


insert into THONGTINKHAC (MAMATHANG, DATHANGTRUOC, TINHTRANG, SONGAYCANCHUANBI) values ('WQWQTOT8OB', 13, 'E2X9MWHFXRUUP8OC5TK16UD4EVXTC4IE7CCKCG2I0P7V4RUS8 ', 17)
go


insert into THONGTINKHAC (MAMATHANG, DATHANGTRUOC, TINHTRANG, SONGAYCANCHUANBI) values ('WVCIT7187G', 9, 'C6RR215AKXRSJ1CHIIRDB2SYBKW6CUGLS9Q09APSBQ3U5M6N9Q', 3)
go


insert into THONGTINKHAC (MAMATHANG, DATHANGTRUOC, TINHTRANG, SONGAYCANCHUANBI) values ('A1H5GHQU7U', 14, '37XHGB4A5B263A7KGV84L42Q2CGAR0C7Q WXSJHP8I8AYRUOC7', 5)
go


insert into NHOMNGANHHANG (MANHOM, MAMATHANG, TENNHOMHANG) values ('F5AS6NCB7X', 'N7PJKLKSDC', 'B3 CMVTEG6OSX52UOR64O94BGVENHJEUH93SPKWH95U7CUW50 ')
go


insert into NHOMNGANHHANG (MANHOM, MAMATHANG, TENNHOMHANG) values ('XV3040K680', 'I5 B4R89 V', 'OXANDAIC6PF3 RA4HG59SXNHMWP8LO7BP81SPV1PNWCJLKLBFP')
go


insert into NHOMNGANHHANG (MANHOM, MAMATHANG, TENNHOMHANG) values ('H4NJMYMRQO', 'X63P2VPIA2', '2UYN164OTBMEFHKJNVTD8HEQ2KD4WJ46QT7EHCFOLJQ5J5CMXN')
go


insert into NHOMNGANHHANG (MANHOM, MAMATHANG, TENNHOMHANG) values ('KXVV7KUYTK', '0H6 QLIBL6', 'PX18XXMFT5DIOVJ6SOP1G95X6I113MUETGYMMI5WV3WY3Y2FCS')
go


insert into NHOMNGANHHANG (MANHOM, MAMATHANG, TENNHOMHANG) values ('YLPD51A 5T', 'C5YYVJBZPO', '2F34N0LT4XUVLW1M79USXAU8XOB 2OYSMO46KU07KME1HHMVNT')
go


insert into NHOMNGANHHANG (MANHOM, MAMATHANG, TENNHOMHANG) values ('7QG3LY70JT', 'MG3SH7I19U', 'REIFHKLH3PEI3K0X6PD1VNVXK1Y07HS0I5GOYYR68731LQMGU6')
go


insert into NHOMNGANHHANG (MANHOM, MAMATHANG, TENNHOMHANG) values ('XTTH9G2HM1', 'P7MUF23RPP', 'UR0T6P03MWWHTM59KXS TPBUDXROFHLFSNP78UBNA15NICL4SO')
go


insert into NHOMNGANHHANG (MANHOM, MAMATHANG, TENNHOMHANG) values ('R3YGDRFIS7', 'WVCIT7187G', 'Y0XWW9LCAN3BVJ8VL3J9YKVVVLE1PG8SS7UQFC918MXAXTE7RI')
go


insert into NHOMNGANHHANG (MANHOM, MAMATHANG, TENNHOMHANG) values ('CHF1YLCOKS', 'F4TYO4IC70', '4XETGFDPLJ7A4U2I059A094BWP YKWOBSTVRA7B3XORVVT0MH5')
go


insert into NHOMNGANHHANG (MANHOM, MAMATHANG, TENNHOMHANG) values ('EURC3ATN2E', 'MG3SH7I19U', 'MLPSUBMY4U8Q73YWM1R8TPTCYT19531SQ AXPXDHEO11N9OARI')
go


insert into NHOMNGANHHANG (MANHOM, MAMATHANG, TENNHOMHANG) values ('EHOKB8XGYO', 'I5 B4R89 V', 'G4EADI8WDAI614MJXIE94PQ SNO N CE1YYAD3 AQIGYJ79JWX')
go


insert into NHOMNGANHHANG (MANHOM, MAMATHANG, TENNHOMHANG) values ('1ML9V7DUI6', '1OCW3RXAV6', '37F3WHGYF7A684GDU 84HD53S996KLN4BEJ6P94VDONXBFNLSH')
go


insert into NHOMNGANHHANG (MANHOM, MAMATHANG, TENNHOMHANG) values ('JWHA5OEM4V', '5R5UO1BQ7K', '0KWTTOQPL7BMSGYBDHQL2VFXDGBDU9WLGJDN3IWQIG6Q2 D6HJ')
go


insert into NHOMNGANHHANG (MANHOM, MAMATHANG, TENNHOMHANG) values ('03Y489NIYY', '5R5UO1BQ7K', 'K5PWW8UYW8DNRXY2V2GABJQ6SFF4B020NSNHJO2MMLQJAVKAAM')
go


insert into NHOMNGANHHANG (MANHOM, MAMATHANG, TENNHOMHANG) values ('M2MQN 5KXC', 'MG3SH7I19U', 'LCE1KKNDW YL1HCNLNG4PRWCL6UO CH5AG 20Y5MR2TIXMW8HY')
go


insert into NHOMNGANHHANG (MANHOM, MAMATHANG, TENNHOMHANG) values ('VGEUPMYJX6', 'P7MUF23RPP', '692N5LPF68KF5OI A2PMNFCIV4V4H9BKOG4LMS3NIBAQWMFQ F')
go


insert into NHOMNGANHHANG (MANHOM, MAMATHANG, TENNHOMHANG) values ('6GDF 3AWXL', 'X63P2VPIA2', 'YWCE7WJIRQ7RB19XI INUQDGVI9NA638Q6DC3GJN261 ULQOI7')
go


insert into NHOMNGANHHANG (MANHOM, MAMATHANG, TENNHOMHANG) values ('PP7KBJQBKI', 'P2FY9ROLHE', 'W682QYN0POJ74BNVSFSS28Y8VKEW7H3NRMPO0XJKKXSAVE EI2')
go


insert into NHOMNGANHHANG (MANHOM, MAMATHANG, TENNHOMHANG) values ('SVA UTNCXW', 'L21LDK6TOP', 'C7PQ8RHBP79VUS0JT  79G2WSFOVN7FWXDIDDLLDJ9V604GRD1')
go


insert into NHOMNGANHHANG (MANHOM, MAMATHANG, TENNHOMHANG) values ('XADDA94VSS', 'WQWQTOT8OB', 'HM27F9 KEQ2E1HVVXTJ R YQIHHJW3WR5HO1WJPYQEAPLJSO5N')
go


insert into CHITIETNGANHHANG (MACHITIET, THONGSO, MANHOM) values ('NWF25DC7MD', '5RITF1LJM0MCJX1YR4CGBWGLFWQF6MKKDAOYNQ1WIAVLQJTBX1', 'F5AS6NCB7X')
go


insert into CHITIETNGANHHANG (MACHITIET, THONGSO, MANHOM) values ('21 WRMB1R4', 'QKFJ9 F2OODATGTL55O9BQR AYTRWD4D5VMBNXAAIVHOQ6MJLR', 'XV3040K680')
go


insert into CHITIETNGANHHANG (MACHITIET, THONGSO, MANHOM) values ('NQFTL71FXO', 'OE8W28WKN8MDYO8FQXP8OSWHKSGGTBRO5RAA4BX2JD JXPW 0U', '1ML9V7DUI6')
go


insert into CHITIETNGANHHANG (MACHITIET, THONGSO, MANHOM) values ('EDKW7R 8PK', '7T61KD3FT0BBMB3RLRFVPN5DN5DJ5O4DNMBUH0 7BPYA9OUIVA', 'SVA UTNCXW')
go


insert into CHITIETNGANHHANG (MACHITIET, THONGSO, MANHOM) values ('EUOYO15XKF', 'FUP1K7XKMK685J3KG8QEJG2DJ7W77 LTHFOHBMS4VE9YJ6AMXJ', 'F5AS6NCB7X')
go


insert into CHITIETNGANHHANG (MACHITIET, THONGSO, MANHOM) values ('6K0BSXULJO', 'J1EDVTOD  BVUCU2DSA7V58 XL7WPTXEB0PV70YC3IRPCXOKS8', 'EURC3ATN2E')
go


insert into CHITIETNGANHHANG (MACHITIET, THONGSO, MANHOM) values ('NMXTYCYJKI', 'R8F4PITHE3C8KPMU N5TU WXKRHL2W3OIUEG9GPHUYYVVM5O58', 'R3YGDRFIS7')
go


insert into CHITIETNGANHHANG (MACHITIET, THONGSO, MANHOM) values ('XEOR4TUIDC', 'H8ODBT34CG FJHLWDNOKK LFXWTMT4HWM8SXCB5LMMBRLLK2L5', 'M2MQN 5KXC')
go


insert into CHITIETNGANHHANG (MACHITIET, THONGSO, MANHOM) values ('UPSKK462Q9', 'PXJV69AF5FLERNMUCC75XTO8TRUEDT0K UTMJYQMP3P74E83FL', 'EHOKB8XGYO')
go


insert into CHITIETNGANHHANG (MACHITIET, THONGSO, MANHOM) values ('2FWV0A4I54', '8H38JI8L2XCD4E3XW7XSLP2WGR2PV42XX4M VM4P6M7R6AF3B4', 'H4NJMYMRQO')
go


insert into CHITIETNGANHHANG (MACHITIET, THONGSO, MANHOM) values ('4QJA5B4V7G', '4WXWTFDTL0J 5VY9X31V1T8J5P2UDHUE74CGEK2O0HXUH94SV9', 'EURC3ATN2E')
go


insert into CHITIETNGANHHANG (MACHITIET, THONGSO, MANHOM) values ('AIGBP R109', '0ICYG9PVAR7JCNR37N8GD752GWS4FYP2FUEE9VUJ1P30VYP9GV', '6GDF 3AWXL')
go


insert into CHITIETNGANHHANG (MACHITIET, THONGSO, MANHOM) values ('D EM2FTIDW', 'II9Q3K3CPWYP1TL7FO6 YW6D4XNXESQFHGT5HGIER8 EYLH JP', 'XTTH9G2HM1')
go


insert into CHITIETNGANHHANG (MACHITIET, THONGSO, MANHOM) values ('JPC9SQDXHT', 'WRSU5L8K0RKPBP7ACW912DD00 VAPKSLAWJ162DII5DR65N9AW', 'PP7KBJQBKI')
go


insert into CHITIETNGANHHANG (MACHITIET, THONGSO, MANHOM) values ('TSE4KV6CEU', 'TFPJXIKXOJIE4QCLT11OBMSAFIV7RX6O I28M7G6NTVYEU8ML1', 'SVA UTNCXW')
go


insert into CHITIETNGANHHANG (MACHITIET, THONGSO, MANHOM) values ('CKSWHSY374', '79R1O OAPCB5T8WWHTNWKBFBCQCVAA94SNB67IH7K2003472VP', '6GDF 3AWXL')
go


insert into CHITIETNGANHHANG (MACHITIET, THONGSO, MANHOM) values ('TBW076KCXE', '2LYD5159N4 CN3KTIQGON50XIX2EX6UBTPUX9T82W3Y6 J ORQ', 'PP7KBJQBKI')
go


insert into CHITIETNGANHHANG (MACHITIET, THONGSO, MANHOM) values ('8V95WVADMM', 'RUDTAIALWPG9O4TTM3O53RJL NVV57EDLW8M9FTX15N3AKUUTK', 'M2MQN 5KXC')
go


insert into CHITIETNGANHHANG (MACHITIET, THONGSO, MANHOM) values ('S1W3YEDVUH', 'OF  YR07BASFM9I89UGBE8YFO798JY4H RRDG 6PTNBCN6CUTH', 'M2MQN 5KXC')
go


insert into CHITIETNGANHHANG (MACHITIET, THONGSO, MANHOM) values ('PWIV9B7EFQ', '3TAYCR8 TMJNDKQ3XM7WPP4SS1G9 5SB1ONY2UCITCBNL2E2OF', 'H4NJMYMRQO')
go


insert into VAN_CHUYEN_MAT_HANG (MAMATHANG, MADONVI) values ('C5YYVJBZPO', '1I GY8 86S')
go


insert into VAN_CHUYEN_MAT_HANG (MAMATHANG, MADONVI) values ('5AJB215APO', 'QIGM42A5VT')
go


insert into VAN_CHUYEN_MAT_HANG (MAMATHANG, MADONVI) values ('4BYOK O9IU', 'URDNO4ATXJ')
go


insert into VAN_CHUYEN_MAT_HANG (MAMATHANG, MADONVI) values ('X63P2VPIA2', '70NX50K84Y')
go


insert into VAN_CHUYEN_MAT_HANG (MAMATHANG, MADONVI) values ('0H6 QLIBL6', '3OUNMUDILV')
go


insert into VAN_CHUYEN_MAT_HANG (MAMATHANG, MADONVI) values ('L21LDK6TOP', 'VGDQL4CY0R')
go


insert into VAN_CHUYEN_MAT_HANG (MAMATHANG, MADONVI) values ('L1TGATS5P8', 'O 0DJWGFRD')
go


insert into VAN_CHUYEN_MAT_HANG (MAMATHANG, MADONVI) values ('I5 B4R89 V', '2GG6A4K6 1')
go


insert into VAN_CHUYEN_MAT_HANG (MAMATHANG, MADONVI) values ('5R5UO1BQ7K', '4GTPR0Q5OV')
go


insert into VAN_CHUYEN_MAT_HANG (MAMATHANG, MADONVI) values ('N7PJKLKSDC', 'AJC6Q591H8')
go


insert into VAN_CHUYEN_MAT_HANG (MAMATHANG, MADONVI) values ('F4TYO4IC70', 'YO3 MHQ9NT')
go


insert into VAN_CHUYEN_MAT_HANG (MAMATHANG, MADONVI) values ('P7MUF23RPP', 'HA9 QRKESW')
go


insert into VAN_CHUYEN_MAT_HANG (MAMATHANG, MADONVI) values ('F1EG062B0S', 'C3QMWM6E0X')
go


insert into VAN_CHUYEN_MAT_HANG (MAMATHANG, MADONVI) values ('P2FY9ROLHE', 'ODPNXNKVQN')
go


insert into VAN_CHUYEN_MAT_HANG (MAMATHANG, MADONVI) values ('RQ4AAW5U75', 'CITN2JH7F5')
go


insert into VAN_CHUYEN_MAT_HANG (MAMATHANG, MADONVI) values ('MG3SH7I19U', '6DOVTPDDHV')
go


insert into VAN_CHUYEN_MAT_HANG (MAMATHANG, MADONVI) values ('1OCW3RXAV6', 'P5E0SBQBYK')
go


insert into VAN_CHUYEN_MAT_HANG (MAMATHANG, MADONVI) values ('WQWQTOT8OB', 'Q4CMDB6BXU')
go


insert into VAN_CHUYEN_MAT_HANG (MAMATHANG, MADONVI) values ('WVCIT7187G', '51PCOH0S  ')
go


insert into VAN_CHUYEN_MAT_HANG (MAMATHANG, MADONVI) values ('A1H5GHQU7U', '66TGXL381M')
go


insert into LUACHON (MAMATHANG, TENCUMPHANLOAI, TENLUACHON, SOLUONGTONKHO, GIACA, SKUPHANLOAI) values ('C5YYVJBZPO', 'L482JGHF8W', 'WONXSPNH3RICYRRA76WV', 0, 11, 'WLSYX7GT4H')
go


insert into LUACHON (MAMATHANG, TENCUMPHANLOAI, TENLUACHON, SOLUONGTONKHO, GIACA, SKUPHANLOAI) values ('5AJB215APO', '1NYW7 OFWA', 'NJRS1IKGQ2ABECK1WML9', 17, 9, 'O JG45 EJK')
go


insert into LUACHON (MAMATHANG, TENCUMPHANLOAI, TENLUACHON, SOLUONGTONKHO, GIACA, SKUPHANLOAI) values ('4BYOK O9IU', 'Y4I7OOXIJS', '81GC2D6ITX9JGCH96DYD', 18, 4, 'HV7C6CN1G8')
go


insert into LUACHON (MAMATHANG, TENCUMPHANLOAI, TENLUACHON, SOLUONGTONKHO, GIACA, SKUPHANLOAI) values ('X63P2VPIA2', 'IBLIN8JP15', '75PHM3Q0SES15GHFRNJI', 8, 17, 'AGR4EXSONQ')
go


insert into LUACHON (MAMATHANG, TENCUMPHANLOAI, TENLUACHON, SOLUONGTONKHO, GIACA, SKUPHANLOAI) values ('0H6 QLIBL6', '0SX01FTG1D', 'I9JMKXOLR4F2E4DYEGPA', 12, 1, '4Q7FWAE2 C')
go


insert into LUACHON (MAMATHANG, TENCUMPHANLOAI, TENLUACHON, SOLUONGTONKHO, GIACA, SKUPHANLOAI) values ('L21LDK6TOP', 'I8JXC67H9P', 'ANK1JA1MB0L5YD9UVXVJ', 14, 14, 'Q8RBKHIR9C')
go


insert into LUACHON (MAMATHANG, TENCUMPHANLOAI, TENLUACHON, SOLUONGTONKHO, GIACA, SKUPHANLOAI) values ('L1TGATS5P8', 'OHH0 4Y3KK', 'N6SC1XSP8FX0AWKLI9AJ', 19, 15, 'T5NWPO2YLP')
go


insert into LUACHON (MAMATHANG, TENCUMPHANLOAI, TENLUACHON, SOLUONGTONKHO, GIACA, SKUPHANLOAI) values ('I5 B4R89 V', 'IY0HOMO0T2', ' WGGC OO9RU1CHNO EMR', 11, 8, '1TNIYSTLJA')
go


insert into LUACHON (MAMATHANG, TENCUMPHANLOAI, TENLUACHON, SOLUONGTONKHO, GIACA, SKUPHANLOAI) values ('5R5UO1BQ7K', 'TQ1WM3FE7M', '1DHXRNO8VF8J3LGKE3T7', 9, 7, '3QWXC 9W35')
go


insert into LUACHON (MAMATHANG, TENCUMPHANLOAI, TENLUACHON, SOLUONGTONKHO, GIACA, SKUPHANLOAI) values ('N7PJKLKSDC', 'MS62XVDKKH', 'QVL6UBB82BWGC0DGN64N', 4, 10, 'YNLSC0TA4G')
go


insert into LUACHON (MAMATHANG, TENCUMPHANLOAI, TENLUACHON, SOLUONGTONKHO, GIACA, SKUPHANLOAI) values ('F4TYO4IC70', 'AD3HJGBSFE', 'SANJ0A9UD9K78LJ8LD0T', 5, 13, 'LU2WC2CYQE')
go


insert into LUACHON (MAMATHANG, TENCUMPHANLOAI, TENLUACHON, SOLUONGTONKHO, GIACA, SKUPHANLOAI) values ('P7MUF23RPP', '4H8086S5JR', '3AW45JAP SDL3Q1734RR', 16, 19, '7FA1L533GC')
go


insert into LUACHON (MAMATHANG, TENCUMPHANLOAI, TENLUACHON, SOLUONGTONKHO, GIACA, SKUPHANLOAI) values ('F1EG062B0S', '4WVIY SBO7', '3AH3T28KQRMT0W5D1KQF', 1, 6, 'S6 7W7T2WN')
go


insert into LUACHON (MAMATHANG, TENCUMPHANLOAI, TENLUACHON, SOLUONGTONKHO, GIACA, SKUPHANLOAI) values ('P2FY9ROLHE', 'NC8R5Y9VGQ', 'QM6444QSR27YUH WHGLQ', 6, 0, '6S975CV3PE')
go


insert into LUACHON (MAMATHANG, TENCUMPHANLOAI, TENLUACHON, SOLUONGTONKHO, GIACA, SKUPHANLOAI) values ('RQ4AAW5U75', 'MQPVYHK0JT', 'R WEQMKX220Y0RLBN3V8', 3, 12, 'M8C WRQJC ')
go


insert into LUACHON (MAMATHANG, TENCUMPHANLOAI, TENLUACHON, SOLUONGTONKHO, GIACA, SKUPHANLOAI) values ('MG3SH7I19U', 'MPUWFPU 3B', 'G318HJ8EBSSGUYAB8T7M', 15, 18, '1VF0WKPL8O')
go


insert into LUACHON (MAMATHANG, TENCUMPHANLOAI, TENLUACHON, SOLUONGTONKHO, GIACA, SKUPHANLOAI) values ('1OCW3RXAV6', '97YLUN62AQ', 'UF6FV6WH4UB5N 0KEL7X', 13, 2, ' 9 E0Y6GST')
go


insert into LUACHON (MAMATHANG, TENCUMPHANLOAI, TENLUACHON, SOLUONGTONKHO, GIACA, SKUPHANLOAI) values ('WQWQTOT8OB', 'FTMBR0175C', 'F BML04YGSHJKG2HHRQ2', 2, 3, 'YM3THKQ5 E')
go


insert into LUACHON (MAMATHANG, TENCUMPHANLOAI, TENLUACHON, SOLUONGTONKHO, GIACA, SKUPHANLOAI) values ('WVCIT7187G', 'A5P8P I7N0', 'EUQRVI82I2MK UV87VFG', 10, 5, 'N92BGSI V2')
go


insert into LUACHON (MAMATHANG, TENCUMPHANLOAI, TENLUACHON, SOLUONGTONKHO, GIACA, SKUPHANLOAI) values ('A1H5GHQU7U', '6CXIX6G8U3', 'GP4UVCCJXBYPX1K MAYY', 7, 16, 'HBCXOR6L9B')
go


insert into PHIEUTHANHTOAN (MAPHIEU, MAVOUCHER, TONGGIATRIGOC, GIAVANCHUYEN, TONGGIATRICANTHANHTOAN, TRANGTHAI) values ('TBM3WG1DI1', '08VR5X2QR3', 14, 14, 14, '0H5RWC 49KNFP0XHCOLL')
go


insert into PHIEUTHANHTOAN (MAPHIEU, MAVOUCHER, TONGGIATRIGOC, GIAVANCHUYEN, TONGGIATRICANTHANHTOAN, TRANGTHAI) values ('S4EKS7I473', 'XTMLRGXN07', 0, 0, 0, 'G7DOP7QEMUS A1WXGEGU')
go


insert into PHIEUTHANHTOAN (MAPHIEU, MAVOUCHER, TONGGIATRIGOC, GIAVANCHUYEN, TONGGIATRICANTHANHTOAN, TRANGTHAI) values ('YEVA WJ0TG', '14XCALC9C5', 11, 9, 9, '2DSPNG5SHUXQTUGR6UUF')
go


insert into PHIEUTHANHTOAN (MAPHIEU, MAVOUCHER, TONGGIATRIGOC, GIAVANCHUYEN, TONGGIATRICANTHANHTOAN, TRANGTHAI) values ('OMX4UT16J4', '9AODFM0VID', 5, 17, 13, '8EHCRR6URFPASF2QTOPW')
go


insert into PHIEUTHANHTOAN (MAPHIEU, MAVOUCHER, TONGGIATRIGOC, GIAVANCHUYEN, TONGGIATRICANTHANHTOAN, TRANGTHAI) values ('B DQFOF72U', '5Y396F 190', 10, 18, 3, 'RYI4I4C0B35PT1RHKEQJ')
go


insert into PHIEUTHANHTOAN (MAPHIEU, MAVOUCHER, TONGGIATRIGOC, GIAVANCHUYEN, TONGGIATRICANTHANHTOAN, TRANGTHAI) values ('T5S8D4ED7A', 'G12591DTFW', 7, 10, 8, 'X5SHF 5QVX96BS8D0 IA')
go


insert into PHIEUTHANHTOAN (MAPHIEU, MAVOUCHER, TONGGIATRIGOC, GIAVANCHUYEN, TONGGIATRICANTHANHTOAN, TRANGTHAI) values ('8D8S3LDDJN', '960V4V KCV', 17, 13, 16, 'OMYGTP34VRL7POJ62200')
go


insert into PHIEUTHANHTOAN (MAPHIEU, MAVOUCHER, TONGGIATRIGOC, GIAVANCHUYEN, TONGGIATRICANTHANHTOAN, TRANGTHAI) values ('IB1C6BSYC2', '3X51O8KND7', 2, 3, 2, '1S5ND087AS67T W48PTK')
go


insert into PHIEUTHANHTOAN (MAPHIEU, MAVOUCHER, TONGGIATRIGOC, GIAVANCHUYEN, TONGGIATRICANTHANHTOAN, TRANGTHAI) values ('TH6C GIIIM', 'Q9BCMR6UM1', 8, 15, 12, 'VG15AMKSSQX41AM039 K')
go


insert into PHIEUTHANHTOAN (MAPHIEU, MAVOUCHER, TONGGIATRIGOC, GIAVANCHUYEN, TONGGIATRICANTHANHTOAN, TRANGTHAI) values ('5YVAQKGL0M', 'OJLGIY6FKS', 18, 16, 11, 'U9DXBLUAKQ UT1OVHVAB')
go


insert into PHIEUTHANHTOAN (MAPHIEU, MAVOUCHER, TONGGIATRIGOC, GIAVANCHUYEN, TONGGIATRICANTHANHTOAN, TRANGTHAI) values ('UNWIBGI42S', '0QJ9CRLE X', 6, 8, 7, 'OUEP5UNKR05IOKUDTU O')
go


insert into PHIEUTHANHTOAN (MAPHIEU, MAVOUCHER, TONGGIATRIGOC, GIAVANCHUYEN, TONGGIATRICANTHANHTOAN, TRANGTHAI) values ('NS53EHIBV4', '4IXUHLKRL7', 9, 5, 10, 'VYGLY D2KSWHX78L7AXB')
go


insert into PHIEUTHANHTOAN (MAPHIEU, MAVOUCHER, TONGGIATRIGOC, GIAVANCHUYEN, TONGGIATRICANTHANHTOAN, TRANGTHAI) values ('POLKDIDFOD', 'YWCQ33L387', 1, 7, 1, 'MOTBE9810 Q6OWW7LO9H')
go


insert into PHIEUTHANHTOAN (MAPHIEU, MAVOUCHER, TONGGIATRIGOC, GIAVANCHUYEN, TONGGIATRICANTHANHTOAN, TRANGTHAI) values ('A6JUUDC H0', ' 1U7XGU0F3', 15, 6, 18, 'D6BNNLKPIW2X1M8A3BU5')
go


insert into PHIEUTHANHTOAN (MAPHIEU, MAVOUCHER, TONGGIATRIGOC, GIAVANCHUYEN, TONGGIATRICANTHANHTOAN, TRANGTHAI) values ('XFPF14IYEY', 'NURO MPXPT', 4, 4, 17, 'J6VV5IPK2DR496BT3LP7')
go


insert into PHIEUTHANHTOAN (MAPHIEU, MAVOUCHER, TONGGIATRIGOC, GIAVANCHUYEN, TONGGIATRICANTHANHTOAN, TRANGTHAI) values ('8NXXJAGBP3', 'RQQJFNG4G5', 12, 12, 6, 'Y9BOB1Y1C3TH5JEYV34D')
go


insert into PHIEUTHANHTOAN (MAPHIEU, MAVOUCHER, TONGGIATRIGOC, GIAVANCHUYEN, TONGGIATRICANTHANHTOAN, TRANGTHAI) values (' IKA3UURU2', '6QTTPWNOB3', 19, 11, 4, 'O8M24CGOIQDDXGTIU2V8')
go


insert into PHIEUTHANHTOAN (MAPHIEU, MAVOUCHER, TONGGIATRIGOC, GIAVANCHUYEN, TONGGIATRICANTHANHTOAN, TRANGTHAI) values ('2H1379WD6U', 'NCTW4JKTG3', 16, 1, 19, 'CC3MM0LR0G4UVDTNEO J')
go


insert into PHIEUTHANHTOAN (MAPHIEU, MAVOUCHER, TONGGIATRIGOC, GIAVANCHUYEN, TONGGIATRICANTHANHTOAN, TRANGTHAI) values ('QEQ3O6T0RU', 'XI56WER2FH', 3, 19, 5, '5HGMDYF3 Q3PSACNOJ2T')
go


insert into PHIEUTHANHTOAN (MAPHIEU, MAVOUCHER, TONGGIATRIGOC, GIAVANCHUYEN, TONGGIATRICANTHANHTOAN, TRANGTHAI) values ('JE44YS65NO', 'H0F H7IEBB', 13, 2, 15, 'TK698IW8KPHIDGSH3VVD')
go


insert into VOUCHER (MAVOUCHER, MAPHIEU, SOTIENGIAM, PHANTRAMGIAM, SOTIENTOITHIEUYEUCAU) values ('08VR5X2QR3', 'TBM3WG1DI1', 18, 8, 17)
go


insert into VOUCHER (MAVOUCHER, MAPHIEU, SOTIENGIAM, PHANTRAMGIAM, SOTIENTOITHIEUYEUCAU) values ('XTMLRGXN07', 'S4EKS7I473', 1, 9, 14)
go


insert into VOUCHER (MAVOUCHER, MAPHIEU, SOTIENGIAM, PHANTRAMGIAM, SOTIENTOITHIEUYEUCAU) values ('14XCALC9C5', 'YEVA WJ0TG', 17, 3, 13)
go


insert into VOUCHER (MAVOUCHER, MAPHIEU, SOTIENGIAM, PHANTRAMGIAM, SOTIENTOITHIEUYEUCAU) values ('9AODFM0VID', 'OMX4UT16J4', 6, 16, 6)
go


insert into VOUCHER (MAVOUCHER, MAPHIEU, SOTIENGIAM, PHANTRAMGIAM, SOTIENTOITHIEUYEUCAU) values ('5Y396F 190', 'B DQFOF72U', 3, 5, 0)
go


insert into VOUCHER (MAVOUCHER, MAPHIEU, SOTIENGIAM, PHANTRAMGIAM, SOTIENTOITHIEUYEUCAU) values ('G12591DTFW', 'T5S8D4ED7A', 12, 4, 11)
go


insert into VOUCHER (MAVOUCHER, MAPHIEU, SOTIENGIAM, PHANTRAMGIAM, SOTIENTOITHIEUYEUCAU) values ('960V4V KCV', '8D8S3LDDJN', 14, 1, 1)
go


insert into VOUCHER (MAVOUCHER, MAPHIEU, SOTIENGIAM, PHANTRAMGIAM, SOTIENTOITHIEUYEUCAU) values ('3X51O8KND7', 'IB1C6BSYC2', 15, 6, 7)
go


insert into VOUCHER (MAVOUCHER, MAPHIEU, SOTIENGIAM, PHANTRAMGIAM, SOTIENTOITHIEUYEUCAU) values ('Q9BCMR6UM1', 'TH6C GIIIM', 16, 11, 18)
go


insert into VOUCHER (MAVOUCHER, MAPHIEU, SOTIENGIAM, PHANTRAMGIAM, SOTIENTOITHIEUYEUCAU) values ('OJLGIY6FKS', '5YVAQKGL0M', 19, 15, 19)
go


insert into VOUCHER (MAVOUCHER, MAPHIEU, SOTIENGIAM, PHANTRAMGIAM, SOTIENTOITHIEUYEUCAU) values ('0QJ9CRLE X', 'UNWIBGI42S', 2, 7, 10)
go


insert into VOUCHER (MAVOUCHER, MAPHIEU, SOTIENGIAM, PHANTRAMGIAM, SOTIENTOITHIEUYEUCAU) values ('4IXUHLKRL7', 'NS53EHIBV4', 9, 0, 5)
go


insert into VOUCHER (MAVOUCHER, MAPHIEU, SOTIENGIAM, PHANTRAMGIAM, SOTIENTOITHIEUYEUCAU) values ('YWCQ33L387', 'POLKDIDFOD', 5, 13, 16)
go


insert into VOUCHER (MAVOUCHER, MAPHIEU, SOTIENGIAM, PHANTRAMGIAM, SOTIENTOITHIEUYEUCAU) values (' 1U7XGU0F3', 'A6JUUDC H0', 7, 2, 3)
go


insert into VOUCHER (MAVOUCHER, MAPHIEU, SOTIENGIAM, PHANTRAMGIAM, SOTIENTOITHIEUYEUCAU) values ('NURO MPXPT', 'XFPF14IYEY', 13, 19, 12)
go


insert into VOUCHER (MAVOUCHER, MAPHIEU, SOTIENGIAM, PHANTRAMGIAM, SOTIENTOITHIEUYEUCAU) values ('RQQJFNG4G5', '8NXXJAGBP3', 10, 12, 15)
go


insert into VOUCHER (MAVOUCHER, MAPHIEU, SOTIENGIAM, PHANTRAMGIAM, SOTIENTOITHIEUYEUCAU) values ('6QTTPWNOB3', ' IKA3UURU2', 4, 17, 9)
go


insert into VOUCHER (MAVOUCHER, MAPHIEU, SOTIENGIAM, PHANTRAMGIAM, SOTIENTOITHIEUYEUCAU) values ('NCTW4JKTG3', '2H1379WD6U', 0, 10, 2)
go


insert into VOUCHER (MAVOUCHER, MAPHIEU, SOTIENGIAM, PHANTRAMGIAM, SOTIENTOITHIEUYEUCAU) values ('XI56WER2FH', 'QEQ3O6T0RU', 11, 14, 8)
go


insert into VOUCHER (MAVOUCHER, MAPHIEU, SOTIENGIAM, PHANTRAMGIAM, SOTIENTOITHIEUYEUCAU) values ('H0F H7IEBB', 'JE44YS65NO', 8, 18, 4)
go


insert into SANPHAMCHON (MATAIKHOAN, STT, MAMATHANG, MAPHIEU, SOLUONG, GIAGOC, GIATRITHANHTOAN, CONTRONGGIOHANG) values ('4CEOLLCC4J', 1, 'WQWQTOT8OB', 'TBM3WG1DI1', 15, 15, 12, 1)
go


insert into SANPHAMCHON (MATAIKHOAN, STT, MAMATHANG, MAPHIEU, SOLUONG, GIAGOC, GIATRITHANHTOAN, CONTRONGGIOHANG) values ('PD CGKAO4H', 5, 'I5 B4R89 V', 'NS53EHIBV4', 13, 0, 14, 10)
go


insert into SANPHAMCHON (MATAIKHOAN, STT, MAMATHANG, MAPHIEU, SOLUONG, GIAGOC, GIATRITHANHTOAN, CONTRONGGIOHANG) values ('XKUHOTK17D', 11, 'I5 B4R89 V', 'TH6C GIIIM', 2, 13, 2, 9)
go


insert into SANPHAMCHON (MATAIKHOAN, STT, MAMATHANG, MAPHIEU, SOLUONG, GIAGOC, GIATRITHANHTOAN, CONTRONGGIOHANG) values ('1TBCNWT2P3', 15, 'F1EG062B0S', 'S4EKS7I473', 9, 1, 11, 13)
go


insert into SANPHAMCHON (MATAIKHOAN, STT, MAMATHANG, MAPHIEU, SOLUONG, GIAGOC, GIATRITHANHTOAN, CONTRONGGIOHANG) values ('F2BC1M06X2', 6, 'I5 B4R89 V', 'XFPF14IYEY', 7, 3, 19, 0)
go


insert into SANPHAMCHON (MATAIKHOAN, STT, MAMATHANG, MAPHIEU, SOLUONG, GIAGOC, GIATRITHANHTOAN, CONTRONGGIOHANG) values ('6I5UFEQ7BD', 7, 'N7PJKLKSDC', 'TBM3WG1DI1', 12, 4, 9, 15)
go


insert into SANPHAMCHON (MATAIKHOAN, STT, MAMATHANG, MAPHIEU, SOLUONG, GIAGOC, GIATRITHANHTOAN, CONTRONGGIOHANG) values ('O2AGN429IL', 10, 'F1EG062B0S', 'B DQFOF72U', 19, 16, 6, 3)
go


insert into SANPHAMCHON (MATAIKHOAN, STT, MAMATHANG, MAPHIEU, SOLUONG, GIAGOC, GIATRITHANHTOAN, CONTRONGGIOHANG) values ('TN WX89M 1', 8, 'MG3SH7I19U', 'OMX4UT16J4', 0, 10, 13, 5)
go


insert into SANPHAMCHON (MATAIKHOAN, STT, MAMATHANG, MAPHIEU, SOLUONG, GIAGOC, GIATRITHANHTOAN, CONTRONGGIOHANG) values ('GIKQRXO3BL', 3, '5AJB215APO', 'YEVA WJ0TG', 3, 8, 8, 6)
go


insert into SANPHAMCHON (MATAIKHOAN, STT, MAMATHANG, MAPHIEU, SOLUONG, GIAGOC, GIATRITHANHTOAN, CONTRONGGIOHANG) values ('47M7YXD5B4', 12, 'C5YYVJBZPO', '2H1379WD6U', 14, 17, 15, 4)
go


insert into SANPHAMCHON (MATAIKHOAN, STT, MAMATHANG, MAPHIEU, SOLUONG, GIAGOC, GIATRITHANHTOAN, CONTRONGGIOHANG) values ('UPD9AN3RT0', 4, '1OCW3RXAV6', 'UNWIBGI42S', 11, 7, 16, 17)
go


insert into SANPHAMCHON (MATAIKHOAN, STT, MAMATHANG, MAPHIEU, SOLUONG, GIAGOC, GIATRITHANHTOAN, CONTRONGGIOHANG) values ('IW2W0H5YJY', 9, '4BYOK O9IU', 'QEQ3O6T0RU', 8, 2, 5, 14)
go


insert into SANPHAMCHON (MATAIKHOAN, STT, MAMATHANG, MAPHIEU, SOLUONG, GIAGOC, GIATRITHANHTOAN, CONTRONGGIOHANG) values ('EF QUIYMIO', 16, '1OCW3RXAV6', 'TBM3WG1DI1', 16, 9, 3, 2)
go


insert into SANPHAMCHON (MATAIKHOAN, STT, MAMATHANG, MAPHIEU, SOLUONG, GIAGOC, GIATRITHANHTOAN, CONTRONGGIOHANG) values ('2QD3KJRJDH', 13, 'I5 B4R89 V', 'NS53EHIBV4', 17, 18, 1, 7)
go


insert into SANPHAMCHON (MATAIKHOAN, STT, MAMATHANG, MAPHIEU, SOLUONG, GIAGOC, GIATRITHANHTOAN, CONTRONGGIOHANG) values ('6NBUMQ5WY4', 14, 'N7PJKLKSDC', 'XFPF14IYEY', 10, 5, 4, 16)
go


insert into SANPHAMCHON (MATAIKHOAN, STT, MAMATHANG, MAPHIEU, SOLUONG, GIAGOC, GIATRITHANHTOAN, CONTRONGGIOHANG) values ('GVOR  GWTD', 17, 'L21LDK6TOP', 'B DQFOF72U', 5, 11, 18, 11)
go


insert into SANPHAMCHON (MATAIKHOAN, STT, MAMATHANG, MAPHIEU, SOLUONG, GIAGOC, GIATRITHANHTOAN, CONTRONGGIOHANG) values ('UJ 6WL5JFF', 2, 'WQWQTOT8OB', 'QEQ3O6T0RU', 1, 6, 10, 8)
go


insert into SANPHAMCHON (MATAIKHOAN, STT, MAMATHANG, MAPHIEU, SOLUONG, GIAGOC, GIATRITHANHTOAN, CONTRONGGIOHANG) values ('BY2JNET6Q4', 19, 'P2FY9ROLHE', 'YEVA WJ0TG', 4, 12, 17, 19)
go


insert into SANPHAMCHON (MATAIKHOAN, STT, MAMATHANG, MAPHIEU, SOLUONG, GIAGOC, GIATRITHANHTOAN, CONTRONGGIOHANG) values ('5WF1PB8XUI', 0, 'C5YYVJBZPO', '2H1379WD6U', 6, 14, 0, 12)
go


insert into SANPHAMCHON (MATAIKHOAN, STT, MAMATHANG, MAPHIEU, SOLUONG, GIAGOC, GIATRITHANHTOAN, CONTRONGGIOHANG) values ('IEY8ULI7DQ', 18, 'P7MUF23RPP', 'TH6C GIIIM', 18, 19, 7, 18)
go


insert into VOUCHERSHOP (MAVOUCHER, MATAIKHOAN, MASHOP, MAPHIEU, SOTIENGIAM, PHANTRAMGIAM, SOTIENTOITHIEUYEUCAU, SOHANGTOITHIEU) values ('08VR5X2QR3', 'PD CGKAO4H', '8G7D92OEG9', 'UNTF61U5NT', 6, 0, 5, 17)
go


insert into VOUCHERSHOP (MAVOUCHER, MATAIKHOAN, MASHOP, MAPHIEU, SOTIENGIAM, PHANTRAMGIAM, SOTIENTOITHIEUYEUCAU, SOHANGTOITHIEU) values ('XTMLRGXN07', '5WF1PB8XUI', 'PIHGW L6T2', ' 20Y8KG9K2', 4, 2, 15, 0)
go


insert into VOUCHERSHOP (MAVOUCHER, MATAIKHOAN, MASHOP, MAPHIEU, SOTIENGIAM, PHANTRAMGIAM, SOTIENTOITHIEUYEUCAU, SOHANGTOITHIEU) values ('14XCALC9C5', 'EF QUIYMIO', 'QLIWN9WUFX', ' AKESTWH23', 2, 16, 14, 8)
go


insert into VOUCHERSHOP (MAVOUCHER, MATAIKHOAN, MASHOP, MAPHIEU, SOTIENGIAM, PHANTRAMGIAM, SOTIENTOITHIEUYEUCAU, SOHANGTOITHIEU) values ('9AODFM0VID', 'F2BC1M06X2', '8 KUVR T5E', 'C8LTQVKFQ8', 7, 7, 12, 6)
go


insert into VOUCHERSHOP (MAVOUCHER, MATAIKHOAN, MASHOP, MAPHIEU, SOTIENGIAM, PHANTRAMGIAM, SOTIENTOITHIEUYEUCAU, SOHANGTOITHIEU) values ('5Y396F 190', 'UJ 6WL5JFF', '14LC8SROFN', '3WAEN8FVFH', 10, 10, 7, 14)
go


insert into VOUCHERSHOP (MAVOUCHER, MATAIKHOAN, MASHOP, MAPHIEU, SOTIENGIAM, PHANTRAMGIAM, SOTIENTOITHIEUYEUCAU, SOHANGTOITHIEU) values ('G12591DTFW', 'BY2JNET6Q4', 'J2O157NMW1', '0LTWX4TDP5', 9, 5, 9, 5)
go


insert into VOUCHERSHOP (MAVOUCHER, MATAIKHOAN, MASHOP, MAPHIEU, SOTIENGIAM, PHANTRAMGIAM, SOTIENTOITHIEUYEUCAU, SOHANGTOITHIEU) values ('960V4V KCV', 'GVOR  GWTD', '1YY4RIYUHG', 'ML6WPMQTOY', 3, 17, 3, 4)
go


insert into VOUCHERSHOP (MAVOUCHER, MATAIKHOAN, MASHOP, MAPHIEU, SOTIENGIAM, PHANTRAMGIAM, SOTIENTOITHIEUYEUCAU, SOHANGTOITHIEU) values ('3X51O8KND7', 'GIKQRXO3BL', '50WXO5O8TQ', 'LJHP3SB4I8', 5, 4, 17, 9)
go


insert into VOUCHERSHOP (MAVOUCHER, MATAIKHOAN, MASHOP, MAPHIEU, SOTIENGIAM, PHANTRAMGIAM, SOTIENTOITHIEUYEUCAU, SOHANGTOITHIEU) values ('Q9BCMR6UM1', 'UPD9AN3RT0', 'J2O157NMW1', '61F90JALLB', 13, 1, 8, 12)
go


insert into VOUCHERSHOP (MAVOUCHER, MATAIKHOAN, MASHOP, MAPHIEU, SOTIENGIAM, PHANTRAMGIAM, SOTIENTOITHIEUYEUCAU, SOHANGTOITHIEU) values ('OJLGIY6FKS', 'PD CGKAO4H', 'J2O157NMW1', '86826F1B6W', 16, 9, 0, 16)
go


insert into VOUCHERSHOP (MAVOUCHER, MATAIKHOAN, MASHOP, MAPHIEU, SOTIENGIAM, PHANTRAMGIAM, SOTIENTOITHIEUYEUCAU, SOHANGTOITHIEU) values ('0QJ9CRLE X', 'BY2JNET6Q4', '50WXO5O8TQ', '49IMPNK8RM', 19, 12, 16, 11)
go


insert into VOUCHERSHOP (MAVOUCHER, MATAIKHOAN, MASHOP, MAPHIEU, SOTIENGIAM, PHANTRAMGIAM, SOTIENTOITHIEUYEUCAU, SOHANGTOITHIEU) values ('4IXUHLKRL7', 'IW2W0H5YJY', 'X6Q 4 9X0G', 'W4VITGV4Q ', 0, 19, 1, 3)
go


insert into VOUCHERSHOP (MAVOUCHER, MATAIKHOAN, MASHOP, MAPHIEU, SOTIENGIAM, PHANTRAMGIAM, SOTIENTOITHIEUYEUCAU, SOHANGTOITHIEU) values ('YWCQ33L387', 'XKUHOTK17D', 'PIHGW L6T2', 'EXCIHPGQ3P', 1, 18, 11, 7)
go


insert into VOUCHERSHOP (MAVOUCHER, MATAIKHOAN, MASHOP, MAPHIEU, SOTIENGIAM, PHANTRAMGIAM, SOTIENTOITHIEUYEUCAU, SOHANGTOITHIEU) values (' 1U7XGU0F3', '5WF1PB8XUI', 'X6Q 4 9X0G', '27T2JMIRQS', 11, 6, 4, 2)
go


insert into VOUCHERSHOP (MAVOUCHER, MATAIKHOAN, MASHOP, MAPHIEU, SOTIENGIAM, PHANTRAMGIAM, SOTIENTOITHIEUYEUCAU, SOHANGTOITHIEU) values ('NURO MPXPT', 'F2BC1M06X2', 'YVSRSYC0B4', '6FU5QKLD8K', 18, 15, 2, 19)
go


insert into VOUCHERSHOP (MAVOUCHER, MATAIKHOAN, MASHOP, MAPHIEU, SOTIENGIAM, PHANTRAMGIAM, SOTIENTOITHIEUYEUCAU, SOHANGTOITHIEU) values ('RQQJFNG4G5', 'BY2JNET6Q4', 'H4YT14QFUE', 'TP7OYP0UB9', 15, 13, 10, 10)
go


insert into VOUCHERSHOP (MAVOUCHER, MATAIKHOAN, MASHOP, MAPHIEU, SOTIENGIAM, PHANTRAMGIAM, SOTIENTOITHIEUYEUCAU, SOHANGTOITHIEU) values ('6QTTPWNOB3', 'XKUHOTK17D', 'X6Q 4 9X0G', 'S85XFDU91V', 14, 3, 19, 13)
go


insert into VOUCHERSHOP (MAVOUCHER, MATAIKHOAN, MASHOP, MAPHIEU, SOTIENGIAM, PHANTRAMGIAM, SOTIENTOITHIEUYEUCAU, SOHANGTOITHIEU) values ('NCTW4JKTG3', 'EF QUIYMIO', 'PKVYKWE QM', 'CHNHNLBMR6', 17, 8, 6, 18)
go


insert into VOUCHERSHOP (MAVOUCHER, MATAIKHOAN, MASHOP, MAPHIEU, SOTIENGIAM, PHANTRAMGIAM, SOTIENTOITHIEUYEUCAU, SOHANGTOITHIEU) values ('XI56WER2FH', 'EF QUIYMIO', 'WP0VIY3UOP', 'Q1CQASMDC2', 8, 11, 13, 15)
go


insert into VOUCHERSHOP (MAVOUCHER, MATAIKHOAN, MASHOP, MAPHIEU, SOTIENGIAM, PHANTRAMGIAM, SOTIENTOITHIEUYEUCAU, SOHANGTOITHIEU) values ('H0F H7IEBB', '6I5UFEQ7BD', 'PIHGW L6T2', '5 G8RAOJRQ', 12, 14, 18, 1)
go


